"FullName","Length"
"C:\SP_DOC\sp_lab_v10\.gitignore","2423"
"C:\SP_DOC\sp_lab_v10\AGENTS.md","7067"
"C:\SP_DOC\sp_lab_v10\check_ignore_output.txt","172"
"C:\SP_DOC\sp_lab_v10\main.py","437"
"C:\SP_DOC\sp_lab_v10\Ollama????v1.ipynb","119551"
"C:\SP_DOC\sp_lab_v10\README.md","3634"
"C:\SP_DOC\sp_lab_v10\workspace_stats.csv","0"
"C:\SP_DOC\sp_lab_v10\.vscode\markdown-preview-custom.css","3451"
"C:\SP_DOC\sp_lab_v10\.vscode\settings.json","332"
"C:\SP_DOC\sp_lab_v10\archive\2025-11-27_03-40_chandelier_backtest_analysis.md","6114"
"C:\SP_DOC\sp_lab_v10\archive\capital_protection_backtest_results.json","1418"
"C:\SP_DOC\sp_lab_v10\archive\capital_protection_zone_backtest_analysis.md","9733"
"C:\SP_DOC\sp_lab_v10\archive\src\backtest.py","5268"
"C:\SP_DOC\sp_lab_v10\archive\src\backtest_engine.py","1036"
"C:\SP_DOC\sp_lab_v10\archive\src\check_2018_date.py","325"
"C:\SP_DOC\sp_lab_v10\archive\src\check_2018_date_v2.py","489"
"C:\SP_DOC\sp_lab_v10\archive\src\check_encoding.py","725"
"C:\SP_DOC\sp_lab_v10\archive\src\clean.py","1209"
"C:\SP_DOC\sp_lab_v10\archive\src\cost.py","722"
"C:\SP_DOC\sp_lab_v10\archive\src\data_loader.py","1282"
"C:\SP_DOC\sp_lab_v10\archive\src\debug_2018_migration.py","3392"
"C:\SP_DOC\sp_lab_v10\archive\src\debug_csv_read.py","863"
"C:\SP_DOC\sp_lab_v10\archive\src\debug_csv_read_v2.py","1145"
"C:\SP_DOC\sp_lab_v10\archive\src\debug_csv_read_v3.py","775"
"C:\SP_DOC\sp_lab_v10\archive\src\debug_yfinance.py","698"
"C:\SP_DOC\sp_lab_v10\archive\src\download_2024.py","869"
"C:\SP_DOC\sp_lab_v10\archive\src\download_taifex_tx.py","805"
"C:\SP_DOC\sp_lab_v10\archive\src\download_taifex_v27.py","10339"
"C:\SP_DOC\sp_lab_v10\archive\src\feat.py","2481"
"C:\SP_DOC\sp_lab_v10\archive\src\fetch.py","1689"
"C:\SP_DOC\sp_lab_v10\archive\src\generate_report.py","4836"
"C:\SP_DOC\sp_lab_v10\archive\src\import_to_duckdb.py","5211"
"C:\SP_DOC\sp_lab_v10\archive\src\indicators.py","2080"
"C:\SP_DOC\sp_lab_v10\archive\src\insert_2018.py","4191"
"C:\SP_DOC\sp_lab_v10\archive\src\investigate_poc.py","1230"
"C:\SP_DOC\sp_lab_v10\archive\src\main.py","5643"
"C:\SP_DOC\sp_lab_v10\archive\src\optimizer.py","5952"
"C:\SP_DOC\sp_lab_v10\archive\src\optimizer_utils.py","1545"
"C:\SP_DOC\sp_lab_v10\archive\src\poc_import_duckdb.py","4224"
"C:\SP_DOC\sp_lab_v10\archive\src\poc_import_duckdb_v2.py","3293"
"C:\SP_DOC\sp_lab_v10\archive\src\poc_import_duckdb_v3.py","4112"
"C:\SP_DOC\sp_lab_v10\archive\src\probe_taifex.py","816"
"C:\SP_DOC\sp_lab_v10\archive\src\read_logs.py","604"
"C:\SP_DOC\sp_lab_v10\archive\src\reporting.py","1313"
"C:\SP_DOC\sp_lab_v10\archive\src\run_backtest.py","2315"
"C:\SP_DOC\sp_lab_v10\archive\src\run_optimization.py","4259"
"C:\SP_DOC\sp_lab_v10\archive\src\simple_download.py","2164"
"C:\SP_DOC\sp_lab_v10\archive\src\simple_test.py","119"
"C:\SP_DOC\sp_lab_v10\archive\src\sp_signal.py","7225"
"C:\SP_DOC\sp_lab_v10\archive\src\stats.py","5086"
"C:\SP_DOC\sp_lab_v10\archive\src\strategy.py","3406"
"C:\SP_DOC\sp_lab_v10\archive\src\strategy_engine.py","698"
"C:\SP_DOC\sp_lab_v10\archive\src\test_duckdb_loader.py","1609"
"C:\SP_DOC\sp_lab_v10\archive\src\verify_poc.py","1362"
"C:\SP_DOC\sp_lab_v10\archive\src\verify_utf8.py","375"
"C:\SP_DOC\sp_lab_v10\archive\src\viz.py","1857"
"C:\SP_DOC\sp_lab_v10\archive\src\__init__.py","0"
"C:\SP_DOC\sp_lab_v10\archive\src\backtest\analyze_results.py","3017"
"C:\SP_DOC\sp_lab_v10\archive\src\backtest\check_columns.py","1387"
"C:\SP_DOC\sp_lab_v10\archive\src\backtest\demo_run.py","5325"
"C:\SP_DOC\sp_lab_v10\archive\src\backtest\engine.py","10430"
"C:\SP_DOC\sp_lab_v10\archive\src\backtest\full_analysis.py","5026"
"C:\SP_DOC\sp_lab_v10\archive\src\backtest\quick_analysis.py","3083"
"C:\SP_DOC\sp_lab_v10\archive\src\backtest\README.md","288"
"C:\SP_DOC\sp_lab_v10\archive\src\output\sp_equity_curve.jpg","58609"
"C:\SP_DOC\sp_lab_v10\archive\src\strategies\README.md","390"
"C:\SP_DOC\sp_lab_v10\archive\src\utils\prospector.py","21773"
"C:\SP_DOC\sp_lab_v10\colab_env\Level1_Trading_Pro.ipynb","1137654"
"C:\SP_DOC\sp_lab_v10\colab_env\MANIFEST.md","1264"
"C:\SP_DOC\sp_lab_v10\colab_env\README_COLAB.md","2035"
"C:\SP_DOC\sp_lab_v10\colab_env\requirements.txt","117"
"C:\SP_DOC\sp_lab_v10\config\AGENTS.md","5950"
"C:\SP_DOC\sp_lab_v10\config\backtest_config_template.json","729"
"C:\SP_DOC\sp_lab_v10\config\chandelier_backtest_config.json","1015"
"C:\SP_DOC\sp_lab_v10\config\dual_ma_backtest_config.json","1331"
"C:\SP_DOC\sp_lab_v10\config\finlab_setup.py","2207"
"C:\SP_DOC\sp_lab_v10\config\quick_feedback.json","570"
"C:\SP_DOC\sp_lab_v10\config\roro_config.yaml","2771"
"C:\SP_DOC\sp_lab_v10\data\dxy_data.csv","137004"
"C:\SP_DOC\sp_lab_v10\data\finmind.db","1060864"
"C:\SP_DOC\sp_lab_v10\data\monthly_performance_real.csv","3920"
"C:\SP_DOC\sp_lab_v10\data\options_migration_log.txt","7610"
"C:\SP_DOC\sp_lab_v10\data\project_analysis.db","1839104"
"C:\SP_DOC\sp_lab_v10\data\README.md","11206"
"C:\SP_DOC\sp_lab_v10\data\signals_real.csv","28712"
"C:\SP_DOC\sp_lab_v10\data\strategy_validation_results.json","1034"
"C:\SP_DOC\sp_lab_v10\data\taifex.db","220213248"
"C:\SP_DOC\sp_lab_v10\data\taifex_official.db","274432"
"C:\SP_DOC\sp_lab_v10\data\taifex_options.db","590884864"
"C:\SP_DOC\sp_lab_v10\data\taifex_recent_data.db","1060864"
"C:\SP_DOC\sp_lab_v10\data\trades_real.csv","3017"
"C:\SP_DOC\sp_lab_v10\data\twii_monthly_returns.csv","3053"
"C:\SP_DOC\sp_lab_v10\data\twii_real_data.csv","125961"
"C:\SP_DOC\sp_lab_v10\data\usage-events-2025-11-26.csv","11358"
"C:\SP_DOC\sp_lab_v10\data\vix_data.csv","137908"
"C:\SP_DOC\sp_lab_v10\data\cache\api_cache.sqlite","24576"
"C:\SP_DOC\sp_lab_v10\data\taifex_extracted\1998_fut.csv","46516"
"C:\SP_DOC\sp_lab_v10\data\taifex_extracted\1999_fut.csv","184866"
"C:\SP_DOC\sp_lab_v10\data\taifex_extracted\2000_fut.csv","295665"
"C:\SP_DOC\sp_lab_v10\data\taifex_extracted\2001_fut.csv","332748"
"C:\SP_DOC\sp_lab_v10\data\taifex_extracted\2002_fut.csv","369653"
"C:\SP_DOC\sp_lab_v10\data\taifex_extracted\2003_fut.csv","421384"
"C:\SP_DOC\sp_lab_v10\data\taifex_extracted\2004_fut.csv","688170"
"C:\SP_DOC\sp_lab_v10\data\taifex_extracted\2005_fut.csv","712524"
"C:\SP_DOC\sp_lab_v10\data\taifex_extracted\2006_fut.csv","853364"
"C:\SP_DOC\sp_lab_v10\data\taifex_extracted\2007_fut.csv","949464"
"C:\SP_DOC\sp_lab_v10\data\taifex_extracted\2008_fut.csv","1298205"
"C:\SP_DOC\sp_lab_v10\data\taifex_extracted\2009_fut.csv","1324940"
"C:\SP_DOC\sp_lab_v10\data\taifex_extracted\2010_fut.csv","4512809"
"C:\SP_DOC\sp_lab_v10\data\taifex_extracted\2011_fut.csv","14739591"
"C:\SP_DOC\sp_lab_v10\data\taifex_extracted\2012_fut.csv","20693278"
"C:\SP_DOC\sp_lab_v10\data\taifex_extracted\2013_fut.csv","19891594"
"C:\SP_DOC\sp_lab_v10\data\taifex_extracted\2014_fut.csv","22249126"
"C:\SP_DOC\sp_lab_v10\data\taifex_extracted\2015_fut.csv","21156166"
"C:\SP_DOC\sp_lab_v10\data\taifex_extracted\2016_fut.csv","19047979"
"C:\SP_DOC\sp_lab_v10\data\taifex_extracted\2017_fut.csv","21546001"
"C:\SP_DOC\sp_lab_v10\data\taifex_extracted\2018_fut.csv","26844976"
"C:\SP_DOC\sp_lab_v10\data\taifex_extracted\2019_fut.csv","28225003"
"C:\SP_DOC\sp_lab_v10\data\taifex_extracted\2020_fut.csv","31129854"
"C:\SP_DOC\sp_lab_v10\data\taifex_extracted\2021_fut.csv","33973110"
"C:\SP_DOC\sp_lab_v10\data\taifex_extracted\2022_fut.csv","36547402"
"C:\SP_DOC\sp_lab_v10\data\taifex_extracted\2023_fut.csv","37806432"
"C:\SP_DOC\sp_lab_v10\data\taifex_extracted\2024_fut.csv","43523529"
"C:\SP_DOC\sp_lab_v10\data\taifex_official\processed_options_delta_20241126.csv","311047"
"C:\SP_DOC\sp_lab_v10\data\taifex_official\processed_pcr_20251028_20251127.csv","1323"
"C:\SP_DOC\sp_lab_v10\data\taifex_options_raw\2001_opt.zip","4277"
"C:\SP_DOC\sp_lab_v10\data\taifex_options_raw\2002_opt.zip","380016"
"C:\SP_DOC\sp_lab_v10\data\taifex_options_raw\2003_opt.zip","1392313"
"C:\SP_DOC\sp_lab_v10\data\taifex_options_raw\2004_opt.zip","2190661"
"C:\SP_DOC\sp_lab_v10\data\taifex_options_raw\2005_opt.zip","4247972"
"C:\SP_DOC\sp_lab_v10\data\taifex_options_raw\2006_opt.zip","4728735"
"C:\SP_DOC\sp_lab_v10\data\taifex_options_raw\2007_opt.zip","5196387"
"C:\SP_DOC\sp_lab_v10\data\taifex_options_raw\2008_opt.zip","6970150"
"C:\SP_DOC\sp_lab_v10\data\taifex_options_raw\2009_opt.zip","8437461"
"C:\SP_DOC\sp_lab_v10\data\taifex_options_raw\2010_opt.zip","7830420"
"C:\SP_DOC\sp_lab_v10\data\taifex_options_raw\2011_opt.zip","9037440"
"C:\SP_DOC\sp_lab_v10\data\taifex_options_raw\2012_opt.zip","8345816"
"C:\SP_DOC\sp_lab_v10\data\taifex_options_raw\2013_opt.zip","7615551"
"C:\SP_DOC\sp_lab_v10\data\taifex_options_raw\2014_opt.zip","7560557"
"C:\SP_DOC\sp_lab_v10\data\taifex_options_raw\2015_opt.zip","10384962"
"C:\SP_DOC\sp_lab_v10\data\taifex_options_raw\2016_opt.zip","15669054"
"C:\SP_DOC\sp_lab_v10\data\taifex_options_raw\2017_opt.zip","16074483"
"C:\SP_DOC\sp_lab_v10\data\taifex_options_raw\2018_opt.zip","17374987"
"C:\SP_DOC\sp_lab_v10\data\taifex_options_raw\2019_opt.zip","14117408"
"C:\SP_DOC\sp_lab_v10\data\taifex_options_raw\2020_opt.zip","14456824"
"C:\SP_DOC\sp_lab_v10\data\taifex_options_raw\2021_opt.zip","14556775"
"C:\SP_DOC\sp_lab_v10\data\taifex_options_raw\2022_opt.zip","12341912"
"C:\SP_DOC\sp_lab_v10\data\taifex_options_raw\2023_opt.zip","10518757"
"C:\SP_DOC\sp_lab_v10\data\taifex_options_raw\2024_opt.zip","13573043"
"C:\SP_DOC\sp_lab_v10\data_scripts\AI_HANDOVER_DOCUMENT.md","10877"
"C:\SP_DOC\sp_lab_v10\data_scripts\check_data_structure.py","2021"
"C:\SP_DOC\sp_lab_v10\data_scripts\check_db_schema.py","726"
"C:\SP_DOC\sp_lab_v10\data_scripts\explore_finlab.py","2409"
"C:\SP_DOC\sp_lab_v10\data_scripts\finlab_debug_pairs.py","4689"
"C:\SP_DOC\sp_lab_v10\data_scripts\finlab_taiwan_index.py","2708"
"C:\SP_DOC\sp_lab_v10\data_scripts\monthly_trades_simple.py","6568"
"C:\SP_DOC\sp_lab_v10\docs\CURSOR_AI_MODEL_GUIDE.md","15791"
"C:\SP_DOC\sp_lab_v10\docs\DATA_SETUP.md","2721"
"C:\SP_DOC\sp_lab_v10\docs\file_organization_plan.md","5938"
"C:\SP_DOC\sp_lab_v10\docs\GITHUB_LARGE_FILES_SOLUTION.md","6143"
"C:\SP_DOC\sp_lab_v10\docs\GIT_COMMIT_GUIDE.md","2929"
"C:\SP_DOC\sp_lab_v10\docs\HANDOVER.md","5479"
"C:\SP_DOC\sp_lab_v10\docs\HANDOVER_DOCUMENT.md","8215"
"C:\SP_DOC\sp_lab_v10\docs\MEMORY_FIX_SUMMARY.md","6013"
"C:\SP_DOC\sp_lab_v10\docs\Pandas_ta_fix.txt","29171"
"C:\SP_DOC\sp_lab_v10\docs\PROJECT_COMMIT_GUIDE.md","4457"
"C:\SP_DOC\sp_lab_v10\docs\project_organization_guide.md","5543"
"C:\SP_DOC\sp_lab_v10\docs\PROJECT_STRUCTURE.md","1810"
"C:\SP_DOC\sp_lab_v10\docs\PROJECT_STRUCTURE_ORGANIZATION.md","4736"
"C:\SP_DOC\sp_lab_v10\docs\RORO_STRATEGY_GUIDE.md","7523"
"C:\SP_DOC\sp_lab_v10\docs\RORO_STRATEGY_HANDOVER_REPORT.md","13685"
"C:\SP_DOC\sp_lab_v10\docs\WORK_LOG.md","360"
"C:\SP_DOC\sp_lab_v10\docs\experiment_results\debugging_journey_summary.md","4139"
"C:\SP_DOC\sp_lab_v10\docs\experiment_results\README.md","1944"
"C:\SP_DOC\sp_lab_v10\docs\experiment_results\spy_monthly_buy_hold_report.md","1335"
"C:\SP_DOC\sp_lab_v10\docs\experiment_results\taifex_monthly_buy_hold_with_sma_report.md","3476"
"C:\SP_DOC\sp_lab_v10\docs\logs\2025-11-27_04-30_roro_stage2_completion_summary.md","6833"
"C:\SP_DOC\sp_lab_v10\docs\logs\2025-11-27_05-30_roro_backtest_results_analysis.md","7176"
"C:\SP_DOC\sp_lab_v10\docs\logs\README.md","1715"
"C:\SP_DOC\sp_lab_v10\docs\logs\2025-11\2025-11-21_21-30_windows_compatibility.md","1976"
"C:\SP_DOC\sp_lab_v10\docs\logs\2025-11\2025-11-22_19-55_project_restoration.md","1318"
"C:\SP_DOC\sp_lab_v10\docs\logs\2025-11\2025-11-22_20-15_v9.1_structure_optimization.md","1863"
"C:\SP_DOC\sp_lab_v10\docs\logs\2025-11\2025-11-24_01-40_root_directory_organization.md","1619"
"C:\SP_DOC\sp_lab_v10\docs\logs\2025-11\2025-11-24_05-30_taifex_duckdb_migration.md","4689"
"C:\SP_DOC\sp_lab_v10\docs\logs\2025-11\2025-11-24_20-11_chandelier_maemfe_implementation.md","5798"
"C:\SP_DOC\sp_lab_v10\docs\logs\2025-11\2025-11-25_01-52_refactor_and_documentation.md","4763"
"C:\SP_DOC\sp_lab_v10\docs\logs\2025-11\2025-11-25_07-12_sma_strategy_analysis_and_debugging.md","3973"
"C:\SP_DOC\sp_lab_v10\docs\logs\2025-11\2025-11-25_13-08_implement_monthly_buy_and_hold_strategy.md","2871"
"C:\SP_DOC\sp_lab_v10\docs\logs\2025-11\2025-11-26_03-20_taifex_options_download_implementation.md","2787"
"C:\SP_DOC\sp_lab_v10\docs\logs\2025-11\2025-11-27_02-23_integrated_strategy_test.md","1119"
"C:\SP_DOC\sp_lab_v10\docs\logs\2025-11\2025-11-27_02-26_integrated_strategy_test.md","1119"
"C:\SP_DOC\sp_lab_v10\docs\logs\2025-11\2025-11-27_03-00_taifex_official_data_integration.md","5329"
"C:\SP_DOC\sp_lab_v10\docs\logs\2025-11\2025-11-27_03-11_taifex_recent_data_integration.md","5512"
"C:\SP_DOC\sp_lab_v10\docs\logs\2025-11\2025-11-27_03-30_comprehensive_progress_summary.md","5485"
"C:\SP_DOC\sp_lab_v10\docs\logs\2025-11\2025-11-27_03-45_dual_ma_strategy_development.md","7041"
"C:\SP_DOC\sp_lab_v10\docs\logs\2025-11\2025-11-27_04-00_alternative_strategies_research.md","10891"
"C:\SP_DOC\sp_lab_v10\docs\logs\2025-11\2025-11-27_04-00_final_strategy_analysis.md","9106"
"C:\SP_DOC\sp_lab_v10\docs\logs\2025-11\2025-11-27_04-30_options_strategy_integration_plan.md","16219"
"C:\SP_DOC\sp_lab_v10\docs\logs\2025-11\2025-11-27_project_structure_organization.md","4495"
"C:\SP_DOC\sp_lab_v10\docs\quant_trading_reports\QUANT_TRADING_FUNCTIONS_REFERENCE.md","14840"
"C:\SP_DOC\sp_lab_v10\docs\quant_trading_reports\README.md","2327"
"C:\SP_DOC\sp_lab_v10\docs\quant_trading_reports\backtest_reports\capital_protection_zone\backtest_capital_protection_zone.py","19283"
"C:\SP_DOC\sp_lab_v10\docs\quant_trading_reports\backtest_reports\capital_protection_zone\capital_protection_implementation_plan.md","9689"
"C:\SP_DOC\sp_lab_v10\docs\quant_trading_reports\backtest_reports\capital_protection_zone\capital_protection_zone_backtest_analysis.md","9733"
"C:\SP_DOC\sp_lab_v10\docs\quant_trading_reports\backtest_reports\capital_protection_zone\capital_protection_zone_strategy.py","11637"
"C:\SP_DOC\sp_lab_v10\docs\quant_trading_reports\backtest_reports\capital_protection_zone\capital_protection_zone_strategy_guide.md","7631"
"C:\SP_DOC\sp_lab_v10\docs\quant_trading_reports\backtest_reports\capital_protection_zone\README.md","6661"
"C:\SP_DOC\sp_lab_v10\docs\quant_trading_reports\backtest_reports\capital_protection_zone\capital_protection_charts\capital_protection_backtest_analysis.png","184420"
"C:\SP_DOC\sp_lab_v10\docs\reports\cleanup_analysis.txt","1033"
"C:\SP_DOC\sp_lab_v10\docs\reports\dry_run_report.txt","2237"
"C:\SP_DOC\sp_lab_v10\docs\reports\inspect_output.txt","33475"
"C:\SP_DOC\sp_lab_v10\docs\reports\organization_analysis.txt","5242"
"C:\SP_DOC\sp_lab_v10\docs\reports\organization_analysis_v3.txt","1802"
"C:\SP_DOC\sp_lab_v10\drive-download-20251126T202650Z-1-001\2-2????????????.docx","6200658"
"C:\SP_DOC\sp_lab_v10\drive-download-20251126T202650Z-1-001\3-1TWD_USD ????????.docx","6219352"
"C:\SP_DOC\sp_lab_v10\drive-download-20251126T202650Z-1-001\4?6????????????????.docx","15988"
"C:\SP_DOC\sp_lab_v10\drive-download-20251126T202650Z-1-001\4??????????.docx","58522"
"C:\SP_DOC\sp_lab_v10\drive-download-20251126T202650Z-1-001\9????-?????.docx","1016827"
"C:\SP_DOC\sp_lab_v10\drive-download-20251126T202650Z-1-001\AI ???????????????? v6.5.docx","6206356"
"C:\SP_DOC\sp_lab_v10\drive-download-20251126T202650Z-1-001\Finlab ??pro.docx","6230154"
"C:\SP_DOC\sp_lab_v10\drive-download-20251126T202650Z-1-001\Finlab.docx","6256334"
"C:\SP_DOC\sp_lab_v10\drive-download-20251126T202650Z-1-001\PTT ??? Comemail ???????????.docx","3200276"
"C:\SP_DOC\sp_lab_v10\drive-download-20251126T202650Z-1-001\V1????????? - ?????? (2025-05-06) - Cell 1 ????.docx","6198115"
"C:\SP_DOC\sp_lab_v10\drive-download-20251126T202650Z-1-001\Vincent?????????????.docx","6233493"
"C:\SP_DOC\sp_lab_v10\drive-download-20251126T202650Z-1-001\??????.docx","3225705"
"C:\SP_DOC\sp_lab_v10\drive-download-20251126T202650Z-1-001\??_??.docx","117122"
"C:\SP_DOC\sp_lab_v10\drive-download-20251126T202650Z-1-001\??_??_??-?.docx","6325733"
"C:\SP_DOC\sp_lab_v10\drive-download-20251126T202650Z-1-001\????????????.docx","35445"
"C:\SP_DOC\sp_lab_v10\drive-download-20251126T202650Z-1-001\??????.docx","15987"
"C:\SP_DOC\sp_lab_v10\drive-download-20251126T202650Z-1-001\????????????_.docx","6242501"
"C:\SP_DOC\sp_lab_v10\drive-download-20251126T202650Z-1-001\???????????.docx","6212669"
"C:\SP_DOC\sp_lab_v10\drive-download-20251126T202650Z-1-001\???????.docx","3196434"
"C:\SP_DOC\sp_lab_v10\drive-download-20251126T202650Z-1-001\??????????_.docx","6225156"
"C:\SP_DOC\sp_lab_v10\drive-download-20251126T202650Z-1-001\??????????_.docx","6246865"
"C:\SP_DOC\sp_lab_v10\drive-download-20251126T202650Z-1-001\????????Naked Short Put??????????.docx","10026"
"C:\SP_DOC\sp_lab_v10\drive-download-20251126T202650Z-1-001\????????????_.docx","6216806"
"C:\SP_DOC\sp_lab_v10\drive-download-20251126T202650Z-1-001\???????????.docx","57340"
"C:\SP_DOC\sp_lab_v10\drive-download-20251126T202650Z-1-001\????????_.docx","3509541"
"C:\SP_DOC\sp_lab_v10\drive-download-20251126T202650Z-1-001\??????????_.docx","6215806"
"C:\SP_DOC\sp_lab_v10\drive-download-20251126T202650Z-1-001\???Max Pain??????.docx","6259474"
"C:\SP_DOC\sp_lab_v10\drive-download-20251126T202650Z-1-001\??????????.docx","76247"
"C:\SP_DOC\sp_lab_v10\drive-download-20251126T202650Z-1-001\??????????.docx","26823"
"C:\SP_DOC\sp_lab_v10\drive-download-20251126T202650Z-1-001\??.docx","3232349"
"C:\SP_DOC\sp_lab_v10\drive-download-20251126T202650Z-1-001\???a????????? 20240605.docx","101150"
"C:\SP_DOC\sp_lab_v10\drive-download-20251126T202650Z-1-001\??????.docx","3189771"
"C:\SP_DOC\sp_lab_v10\drive-download-20251126T202650Z-1-001\??????.docx","101467"
"C:\SP_DOC\sp_lab_v10\drive-download-20251126T202650Z-1-001\??????? -?.docx","88983"
"C:\SP_DOC\sp_lab_v10\drive-download-20251126T202650Z-1-001\?????????????????? (????).docx","29221"
"C:\SP_DOC\sp_lab_v10\drive-download-20251126T202650Z-1-001\???????????_.docx","6235049"
"C:\SP_DOC\sp_lab_v10\drive-download-20251126T202650Z-1-001\??????????.docx","52884"
"C:\SP_DOC\sp_lab_v10\drive-download-20251126T202650Z-1-001\????????????_(1).docx","6229419"
"C:\SP_DOC\sp_lab_v10\drive-download-20251126T202650Z-1-001\????????????_.docx","6229419"
"C:\SP_DOC\sp_lab_v10\drive-download-20251126T202650Z-1-001\?????????? - ???????? v1.5 (???).docx","6200489"
"C:\SP_DOC\sp_lab_v10\drive-download-20251126T202650Z-1-001\????????????.docx","47427"
"C:\SP_DOC\sp_lab_v10\drive-download-20251126T202650Z-1-001\???????????.docx","47075"
"C:\SP_DOC\sp_lab_v10\drive-download-20251126T202650Z-1-001\?????- VIX???VXM?.docx","9807"
"C:\SP_DOC\sp_lab_v10\drive-download-20251126T202650Z-1-001\???????????.docx","36804"
"C:\SP_DOC\sp_lab_v10\drive-download-20251126T202650Z-1-001\????????.docx","48250"
"C:\SP_DOC\sp_lab_v10\drive-download-20251126T202650Z-1-001\??????????.docx","77517"
"C:\SP_DOC\sp_lab_v10\drive-download-20251126T202650Z-1-001\??????????.docx","70362"
"C:\SP_DOC\sp_lab_v10\drive-download-20251126T202650Z-1-001\????????????_.docx","6240346"
"C:\SP_DOC\sp_lab_v10\drive-download-20251126T202650Z-1-001\??????????_.docx","6210844"
"C:\SP_DOC\sp_lab_v10\drive-download-20251126T202650Z-1-001\???????gex?????.docx","52684"
"C:\SP_DOC\sp_lab_v10\drive-download-20251126T202650Z-1-001\??????????_.docx","6258710"
"C:\SP_DOC\sp_lab_v10\drive-download-20251126T202650Z-1-001\???????????.docx","11829"
"C:\SP_DOC\sp_lab_v10\drive-download-20251126T202650Z-1-001\????????.docx","3190065"
"C:\SP_DOC\sp_lab_v10\drive-download-20251126T202650Z-1-001\??????????_.docx","6217592"
"C:\SP_DOC\sp_lab_v10\drive-download-20251126T202650Z-1-001\???????????????.docx","22266"
"C:\SP_DOC\sp_lab_v10\drive-download-20251126T202650Z-1-001\???????????????????.docx","11816"
"C:\SP_DOC\sp_lab_v10\drive-download-20251126T202650Z-1-001\????????? Options Trading Strategy & Operations Manual.docx","6205376"
"C:\SP_DOC\sp_lab_v10\drive-download-20251126T202650Z-1-001\?????????.docx","3205546"
"C:\SP_DOC\sp_lab_v10\drive-download-20251126T202650Z-1-001\??????????-??.docx","6203335"
"C:\SP_DOC\sp_lab_v10\drive-download-20251126T202650Z-1-001\??????????.docx","6203454"
"C:\SP_DOC\sp_lab_v10\drive-download-20251126T202650Z-1-001\?????.docx","10890"
"C:\SP_DOC\sp_lab_v10\drive-download-20251126T202650Z-1-001\????.docx","226545"
"C:\SP_DOC\sp_lab_v10\drive-download-20251126T202650Z-1-001\???TWD ????????.docx","6213459"
"C:\SP_DOC\sp_lab_v10\drive-download-20251126T202650Z-1-001\???TWD_USD ??????.docx","6209607"
"C:\SP_DOC\sp_lab_v10\drive-download-20251126T202650Z-1-001\??????-???.docx","1104641"
"C:\SP_DOC\sp_lab_v10\drive-download-20251126T202650Z-1-001\??????? AI ???????????????? v3.1.docx","6202085"
"C:\SP_DOC\sp_lab_v10\drive-download-20251126T202650Z-1-001\????0708?????????????.docx","6226197"
"C:\SP_DOC\sp_lab_v10\drive-download-20251126T202650Z-1-001\????????_.docx","3190546"
"C:\SP_DOC\sp_lab_v10\lo2cin4bt-main\.gitattributes","524"
"C:\SP_DOC\sp_lab_v10\lo2cin4bt-main\.gitignore","1353"
"C:\SP_DOC\sp_lab_v10\lo2cin4bt-main\.markdownlint.json","272"
"C:\SP_DOC\sp_lab_v10\lo2cin4bt-main\.pre-commit-config.yaml","1631"
"C:\SP_DOC\sp_lab_v10\lo2cin4bt-main\.pylintrc","2048"
"C:\SP_DOC\sp_lab_v10\lo2cin4bt-main\LICENSE","35803"
"C:\SP_DOC\sp_lab_v10\lo2cin4bt-main\main.py","34293"
"C:\SP_DOC\sp_lab_v10\lo2cin4bt-main\pytest.ini","923"
"C:\SP_DOC\sp_lab_v10\lo2cin4bt-main\README.md","15462"
"C:\SP_DOC\sp_lab_v10\lo2cin4bt-main\requirements.txt","1283"
"C:\SP_DOC\sp_lab_v10\lo2cin4bt-main\run_test.py","1328"
"C:\SP_DOC\sp_lab_v10\lo2cin4bt-main\setup.cfg","862"
"C:\SP_DOC\sp_lab_v10\lo2cin4bt-main\Troubleshooting.md","15098"
"C:\SP_DOC\sp_lab_v10\lo2cin4bt-main\__init__.py","0"
"C:\SP_DOC\sp_lab_v10\lo2cin4bt-main\assets\lo2cin4logo.png","1843706"
"C:\SP_DOC\sp_lab_v10\lo2cin4bt-main\assets\style.css","10297"
"C:\SP_DOC\sp_lab_v10\lo2cin4bt-main\autorunner\BacktestRunner_autorunner.py","7620"
"C:\SP_DOC\sp_lab_v10\lo2cin4bt-main\autorunner\Base_autorunner.py","17071"
"C:\SP_DOC\sp_lab_v10\lo2cin4bt-main\autorunner\ConfigLoader_autorunner.py","11616"
"C:\SP_DOC\sp_lab_v10\lo2cin4bt-main\autorunner\ConfigSelector_autorunner.py","9346"
"C:\SP_DOC\sp_lab_v10\lo2cin4bt-main\autorunner\ConfigValidator_autorunner.py","16968"
"C:\SP_DOC\sp_lab_v10\lo2cin4bt-main\autorunner\DataLoader_autorunner.py","22254"
"C:\SP_DOC\sp_lab_v10\lo2cin4bt-main\autorunner\MetricsRunner_autorunner.py","10841"
"C:\SP_DOC\sp_lab_v10\lo2cin4bt-main\autorunner\README.md","25869"
"C:\SP_DOC\sp_lab_v10\lo2cin4bt-main\autorunner\SwitchDataSource_autorunner.py","3298"
"C:\SP_DOC\sp_lab_v10\lo2cin4bt-main\autorunner\__pycache__\BacktestRunner_autorunner.cpython-311.pyc","7906"
"C:\SP_DOC\sp_lab_v10\lo2cin4bt-main\autorunner\__pycache__\Base_autorunner.cpython-311.pyc","19557"
"C:\SP_DOC\sp_lab_v10\lo2cin4bt-main\autorunner\__pycache__\ConfigLoader_autorunner.cpython-311.pyc","14459"
"C:\SP_DOC\sp_lab_v10\lo2cin4bt-main\autorunner\__pycache__\ConfigSelector_autorunner.cpython-311.pyc","12457"
"C:\SP_DOC\sp_lab_v10\lo2cin4bt-main\autorunner\__pycache__\ConfigValidator_autorunner.cpython-311.pyc","20648"
"C:\SP_DOC\sp_lab_v10\lo2cin4bt-main\autorunner\__pycache__\DataLoader_autorunner.cpython-311.pyc","24588"
"C:\SP_DOC\sp_lab_v10\lo2cin4bt-main\autorunner\__pycache__\MetricsRunner_autorunner.cpython-311.pyc","16234"
"C:\SP_DOC\sp_lab_v10\lo2cin4bt-main\backtester\Base_backtester.py","54442"
"C:\SP_DOC\sp_lab_v10\lo2cin4bt-main\backtester\BollingerBand_Indicator_backtester.py","18609"
"C:\SP_DOC\sp_lab_v10\lo2cin4bt-main\backtester\Chandelier_Indicator_backtester.py","12172"
"C:\SP_DOC\sp_lab_v10\lo2cin4bt-main\backtester\DataImporter_backtester.py","10213"
"C:\SP_DOC\sp_lab_v10\lo2cin4bt-main\backtester\Dual_MA_Strategy_backtester.py","12883"
"C:\SP_DOC\sp_lab_v10\lo2cin4bt-main\backtester\HL_Indicator_backtester.py","19519"
"C:\SP_DOC\sp_lab_v10\lo2cin4bt-main\backtester\IncrementalBacktestEngine.py","13367"
"C:\SP_DOC\sp_lab_v10\lo2cin4bt-main\backtester\IndicatorParams_backtester.py","6428"
"C:\SP_DOC\sp_lab_v10\lo2cin4bt-main\backtester\Indicators_backtester.py","24364"
"C:\SP_DOC\sp_lab_v10\lo2cin4bt-main\backtester\Institutional_Strategy_backtester.py","13839"
"C:\SP_DOC\sp_lab_v10\lo2cin4bt-main\backtester\MonthlyBuyAndHold_Indicator_backtester.py","2708"
"C:\SP_DOC\sp_lab_v10\lo2cin4bt-main\backtester\MonthlyBuyHoldWithSMA_Indicator_backtester.py","4459"
"C:\SP_DOC\sp_lab_v10\lo2cin4bt-main\backtester\Monthly_Buy_Hold_Strategy_backtester.py","5963"
"C:\SP_DOC\sp_lab_v10\lo2cin4bt-main\backtester\MovingAverage_Indicator_backtester.py","33447"
"C:\SP_DOC\sp_lab_v10\lo2cin4bt-main\backtester\PCR_Strategy_backtester.py","13749"
"C:\SP_DOC\sp_lab_v10\lo2cin4bt-main\backtester\Percentile_Indicator_backtester.py","24128"
"C:\SP_DOC\sp_lab_v10\lo2cin4bt-main\backtester\README.md","19110"
"C:\SP_DOC\sp_lab_v10\lo2cin4bt-main\backtester\SpecMonitor_backtester.py","23080"
"C:\SP_DOC\sp_lab_v10\lo2cin4bt-main\backtester\TradeRecorder_backtester.py","7804"
"C:\SP_DOC\sp_lab_v10\lo2cin4bt-main\backtester\TradeRecordExporter_backtester.py","56689"
"C:\SP_DOC\sp_lab_v10\lo2cin4bt-main\backtester\TradeSimulator_backtester.py","29663"
"C:\SP_DOC\sp_lab_v10\lo2cin4bt-main\backtester\VALUE_Indicator_backtester.py","19521"
"C:\SP_DOC\sp_lab_v10\lo2cin4bt-main\backtester\VectorBacktestEngine_backtester.py","73098"
"C:\SP_DOC\sp_lab_v10\lo2cin4bt-main\backtester\__init__.py","2147"
"C:\SP_DOC\sp_lab_v10\lo2cin4bt-main\backtester\__pycache__\Base_backtester.cpython-311.pyc","47669"
"C:\SP_DOC\sp_lab_v10\lo2cin4bt-main\backtester\__pycache__\BollingerBand_Indicator_backtester.cpython-311.pyc","20052"
"C:\SP_DOC\sp_lab_v10\lo2cin4bt-main\backtester\__pycache__\Chandelier_Indicator_backtester.cpython-311.pyc","12292"
"C:\SP_DOC\sp_lab_v10\lo2cin4bt-main\backtester\__pycache__\DataImporter_backtester.cpython-311.pyc","13284"
"C:\SP_DOC\sp_lab_v10\lo2cin4bt-main\backtester\__pycache__\Dual_MA_Strategy_backtester.cpython-311.pyc","13058"
"C:\SP_DOC\sp_lab_v10\lo2cin4bt-main\backtester\__pycache__\HL_Indicator_backtester.cpython-311.pyc","18218"
"C:\SP_DOC\sp_lab_v10\lo2cin4bt-main\backtester\__pycache__\IncrementalBacktestEngine.cpython-311.pyc","18258"
"C:\SP_DOC\sp_lab_v10\lo2cin4bt-main\backtester\__pycache__\IndicatorParams_backtester.cpython-311.pyc","8354"
"C:\SP_DOC\sp_lab_v10\lo2cin4bt-main\backtester\__pycache__\Indicators_backtester.cpython-311.pyc","23824"
"C:\SP_DOC\sp_lab_v10\lo2cin4bt-main\backtester\__pycache__\Institutional_Strategy_backtester.cpython-311.pyc","14495"
"C:\SP_DOC\sp_lab_v10\lo2cin4bt-main\backtester\__pycache__\MonthlyBuyAndHold_Indicator_backtester.cpython-311.pyc","3483"
"C:\SP_DOC\sp_lab_v10\lo2cin4bt-main\backtester\__pycache__\MovingAverage_Indicator_backtester.cpython-311.pyc","32665"
"C:\SP_DOC\sp_lab_v10\lo2cin4bt-main\backtester\__pycache__\PCR_Strategy_backtester.cpython-311.pyc","14490"
"C:\SP_DOC\sp_lab_v10\lo2cin4bt-main\backtester\__pycache__\Percentile_Indicator_backtester.cpython-311.pyc","22045"
"C:\SP_DOC\sp_lab_v10\lo2cin4bt-main\backtester\__pycache__\SpecMonitor_backtester.cpython-311.pyc","20619"
"C:\SP_DOC\sp_lab_v10\lo2cin4bt-main\backtester\__pycache__\TradeRecorder_backtester.cpython-311.pyc","9194"
"C:\SP_DOC\sp_lab_v10\lo2cin4bt-main\backtester\__pycache__\TradeRecordExporter_backtester.cpython-311.pyc","63625"
"C:\SP_DOC\sp_lab_v10\lo2cin4bt-main\backtester\__pycache__\TradeSimulator_backtester.cpython-311.pyc","26471"
"C:\SP_DOC\sp_lab_v10\lo2cin4bt-main\backtester\__pycache__\VALUE_Indicator_backtester.cpython-311.pyc","19189"
"C:\SP_DOC\sp_lab_v10\lo2cin4bt-main\backtester\__pycache__\VectorBacktestEngine_backtester.cpython-311.pyc","66080"
"C:\SP_DOC\sp_lab_v10\lo2cin4bt-main\backtester\__pycache__\VectorBacktestEngine_backtester._vectorized_combine_signals_njit-179.py311.1.nbc","60982"
"C:\SP_DOC\sp_lab_v10\lo2cin4bt-main\backtester\__pycache__\VectorBacktestEngine_backtester._vectorized_combine_signals_njit-179.py311.nbi","1658"
"C:\SP_DOC\sp_lab_v10\lo2cin4bt-main\backtester\__pycache__\__init__.cpython-311.pyc","2282"
"C:\SP_DOC\sp_lab_v10\lo2cin4bt-main\database\BacktestDB.py","7410"
"C:\SP_DOC\sp_lab_v10\lo2cin4bt-main\database\__pycache__\BacktestDB.cpython-311.pyc","11552"
"C:\SP_DOC\sp_lab_v10\lo2cin4bt-main\dataloader\base_loader.py","27214"
"C:\SP_DOC\sp_lab_v10\lo2cin4bt-main\dataloader\binance_loader.py","5073"
"C:\SP_DOC\sp_lab_v10\lo2cin4bt-main\dataloader\calculator_loader.py","4654"
"C:\SP_DOC\sp_lab_v10\lo2cin4bt-main\dataloader\coinbase_loader.py","7130"
"C:\SP_DOC\sp_lab_v10\lo2cin4bt-main\dataloader\data_exporter_loader.py","6063"
"C:\SP_DOC\sp_lab_v10\lo2cin4bt-main\dataloader\duckdb_loader.py","3588"
"C:\SP_DOC\sp_lab_v10\lo2cin4bt-main\dataloader\file_loader.py","11286"
"C:\SP_DOC\sp_lab_v10\lo2cin4bt-main\dataloader\predictor_loader.py","35024"
"C:\SP_DOC\sp_lab_v10\lo2cin4bt-main\dataloader\README.md","21050"
"C:\SP_DOC\sp_lab_v10\lo2cin4bt-main\dataloader\validator_loader.py","17530"
"C:\SP_DOC\sp_lab_v10\lo2cin4bt-main\dataloader\yfinance_loader.py","8068"
"C:\SP_DOC\sp_lab_v10\lo2cin4bt-main\dataloader\__init__.py","2037"
"C:\SP_DOC\sp_lab_v10\lo2cin4bt-main\dataloader\__pycache__\base_loader.cpython-311.pyc","29626"
"C:\SP_DOC\sp_lab_v10\lo2cin4bt-main\dataloader\__pycache__\calculator_loader.cpython-311.pyc","6258"
"C:\SP_DOC\sp_lab_v10\lo2cin4bt-main\dataloader\__pycache__\coinbase_loader.cpython-311.pyc","7245"
"C:\SP_DOC\sp_lab_v10\lo2cin4bt-main\dataloader\__pycache__\data_exporter_loader.cpython-311.pyc","6917"
"C:\SP_DOC\sp_lab_v10\lo2cin4bt-main\dataloader\__pycache__\duckdb_loader.cpython-311.pyc","4648"
"C:\SP_DOC\sp_lab_v10\lo2cin4bt-main\dataloader\__pycache__\file_loader.cpython-311.pyc","14397"
"C:\SP_DOC\sp_lab_v10\lo2cin4bt-main\dataloader\__pycache__\predictor_loader.cpython-311.pyc","35624"
"C:\SP_DOC\sp_lab_v10\lo2cin4bt-main\dataloader\__pycache__\validator_loader.cpython-311.pyc","19005"
"C:\SP_DOC\sp_lab_v10\lo2cin4bt-main\dataloader\__pycache__\__init__.cpython-311.pyc","2298"
"C:\SP_DOC\sp_lab_v10\lo2cin4bt-main\docs\colab_migration_guide.md","4337"
"C:\SP_DOC\sp_lab_v10\lo2cin4bt-main\images\lo2cin4logo.png","1843706"
"C:\SP_DOC\sp_lab_v10\lo2cin4bt-main\images\template_1.jpg","217771"
"C:\SP_DOC\sp_lab_v10\lo2cin4bt-main\metricstracker\Base_metricstracker.py","12071"
"C:\SP_DOC\sp_lab_v10\lo2cin4bt-main\metricstracker\DataImporter_metricstracker.py","3833"
"C:\SP_DOC\sp_lab_v10\lo2cin4bt-main\metricstracker\MAEMFE_Analyser_metricstracker.py","5117"
"C:\SP_DOC\sp_lab_v10\lo2cin4bt-main\metricstracker\MetricsCalculator_metricstracker.py","22047"
"C:\SP_DOC\sp_lab_v10\lo2cin4bt-main\metricstracker\MetricsExporter_metricstracker.py","14324"
"C:\SP_DOC\sp_lab_v10\lo2cin4bt-main\metricstracker\README.md","20816"
"C:\SP_DOC\sp_lab_v10\lo2cin4bt-main\metricstracker\__init__.py","1977"
"C:\SP_DOC\sp_lab_v10\lo2cin4bt-main\metricstracker\__pycache__\Base_metricstracker.cpython-311.pyc","14350"
"C:\SP_DOC\sp_lab_v10\lo2cin4bt-main\metricstracker\__pycache__\DataImporter_metricstracker.cpython-311.pyc","5581"
"C:\SP_DOC\sp_lab_v10\lo2cin4bt-main\metricstracker\__pycache__\MAEMFE_Analyser_metricstracker.cpython-311.pyc","6295"
"C:\SP_DOC\sp_lab_v10\lo2cin4bt-main\metricstracker\__pycache__\MetricsCalculator_metricstracker.cpython-311.pyc","32323"
"C:\SP_DOC\sp_lab_v10\lo2cin4bt-main\metricstracker\__pycache__\MetricsExporter_metricstracker.cpython-311.pyc","15468"
"C:\SP_DOC\sp_lab_v10\lo2cin4bt-main\metricstracker\__pycache__\__init__.cpython-311.pyc","2171"
"C:\SP_DOC\sp_lab_v10\lo2cin4bt-main\plotter\Base_plotter.py","14117"
"C:\SP_DOC\sp_lab_v10\lo2cin4bt-main\plotter\CallbackHandler_plotter.py","38208"
"C:\SP_DOC\sp_lab_v10\lo2cin4bt-main\plotter\ChartComponents_plotter.py","36934"
"C:\SP_DOC\sp_lab_v10\lo2cin4bt-main\plotter\DashboardGenerator_plotter.py","27706"
"C:\SP_DOC\sp_lab_v10\lo2cin4bt-main\plotter\DataImporter_plotter.py","36439"
"C:\SP_DOC\sp_lab_v10\lo2cin4bt-main\plotter\MAEMFE_plotter.py","4406"
"C:\SP_DOC\sp_lab_v10\lo2cin4bt-main\plotter\MetricsDisplay_plotter.py","16647"
"C:\SP_DOC\sp_lab_v10\lo2cin4bt-main\plotter\ParameterPlateau_plotter.py","57653"
"C:\SP_DOC\sp_lab_v10\lo2cin4bt-main\plotter\README.md","23978"
"C:\SP_DOC\sp_lab_v10\lo2cin4bt-main\plotter\__init__.py","2716"
"C:\SP_DOC\sp_lab_v10\lo2cin4bt-main\plotter\utils\ParameterParser_utils_plotter.py","14207"
"C:\SP_DOC\sp_lab_v10\lo2cin4bt-main\plotter\utils\__init__.py","179"
"C:\SP_DOC\sp_lab_v10\lo2cin4bt-main\records\Read_parquet.py","9940"
"C:\SP_DOC\sp_lab_v10\lo2cin4bt-main\records\autorunner\config_template.json","9571"
"C:\SP_DOC\sp_lab_v10\lo2cin4bt-main\records\autorunner\config_template_5mdata.json","12450"
"C:\SP_DOC\sp_lab_v10\lo2cin4bt-main\records\autorunner\config_template_defaultall.json","8980"
"C:\SP_DOC\sp_lab_v10\lo2cin4bt-main\records\autorunner\config_template_defaultall_timestamp.json","11273"
"C:\SP_DOC\sp_lab_v10\lo2cin4bt-main\records\autorunner\config_template_single.json","5111"
"C:\SP_DOC\sp_lab_v10\lo2cin4bt-main\records\autorunner\config_template_single_timestamp.json","5113"
"C:\SP_DOC\sp_lab_v10\lo2cin4bt-main\statanalyser\AutocorrelationTest_statanalyser.py","14819"
"C:\SP_DOC\sp_lab_v10\lo2cin4bt-main\statanalyser\Base_statanalyser.py","10543"
"C:\SP_DOC\sp_lab_v10\lo2cin4bt-main\statanalyser\CorrelationTest_statanalyser.py","11378"
"C:\SP_DOC\sp_lab_v10\lo2cin4bt-main\statanalyser\DistributionTest_statanalyser.py","8531"
"C:\SP_DOC\sp_lab_v10\lo2cin4bt-main\statanalyser\README.md","7291"
"C:\SP_DOC\sp_lab_v10\lo2cin4bt-main\statanalyser\ReportGenerator_statanalyser.py","11697"
"C:\SP_DOC\sp_lab_v10\lo2cin4bt-main\statanalyser\SeasonalAnalysis_statanalyser.py","7427"
"C:\SP_DOC\sp_lab_v10\lo2cin4bt-main\statanalyser\StationarityTest_statanalyser.py","7947"
"C:\SP_DOC\sp_lab_v10\lo2cin4bt-main\statanalyser\__init__.py","2345"
"C:\SP_DOC\sp_lab_v10\lo2cin4bt-main\tests\__init__.py","20"
"C:\SP_DOC\sp_lab_v10\notebooks\Main_Strategy_Workflow.ipynb","10340"
"C:\SP_DOC\sp_lab_v10\notebooks\README.md","961"
"C:\SP_DOC\sp_lab_v10\output\analysis_output.txt","1098"
"C:\SP_DOC\sp_lab_v10\output\backtest_analysis.txt","1543"
"C:\SP_DOC\sp_lab_v10\output\backtest_log.txt","1394"
"C:\SP_DOC\sp_lab_v10\output\backtest_output.txt","1942"
"C:\SP_DOC\sp_lab_v10\output\chandelier_backtest_signals.csv","2488434"
"C:\SP_DOC\sp_lab_v10\output\column_check_result.txt","4408"
"C:\SP_DOC\sp_lab_v10\output\dual_ma_test_signals.csv","383230"
"C:\SP_DOC\sp_lab_v10\output\install_log.txt","1524"
"C:\SP_DOC\sp_lab_v10\output\install_log_utf8.txt","778"
"C:\SP_DOC\sp_lab_v10\output\integrated_strategy_backtest.png","839345"
"C:\SP_DOC\sp_lab_v10\output\integrated_strategy_test.log","5390"
"C:\SP_DOC\sp_lab_v10\output\market_leading_indicators_dashboard.png","420448"
"C:\SP_DOC\sp_lab_v10\output\os_ver.txt","96"
"C:\SP_DOC\sp_lab_v10\output\performance_charts","78931"
"C:\SP_DOC\sp_lab_v10\output\roro_vs_buyhold_comparison_20251127_052911.json","1706"
"C:\SP_DOC\sp_lab_v10\output\strategy_backtests","3443"
"C:\SP_DOC\sp_lab_v10\output\strategy_comparison_results.csv","1281"
"C:\SP_DOC\sp_lab_v10\output\test_output.txt","2844"
"C:\SP_DOC\sp_lab_v10\output\archive\log_legacy.md","33436"
"C:\SP_DOC\sp_lab_v10\output\Chandelier_MAE_MFE\analysis_report.md","713"
"C:\SP_DOC\sp_lab_v10\output\Chandelier_MAE_MFE\CLEANUP_SUMMARY.md","2894"
"C:\SP_DOC\sp_lab_v10\output\Chandelier_MAE_MFE\GIT_COMMIT_SUMMARY.md","1725"
"C:\SP_DOC\sp_lab_v10\output\Chandelier_MAE_MFE\implementation_plan.md","4121"
"C:\SP_DOC\sp_lab_v10\output\Chandelier_MAE_MFE\maemfe_charts.html","4853006"
"C:\SP_DOC\sp_lab_v10\output\Chandelier_MAE_MFE\README.md","1617"
"C:\SP_DOC\sp_lab_v10\output\Chandelier_MAE_MFE\run_mae_mfe.py","7277"
"C:\SP_DOC\sp_lab_v10\output\Chandelier_MAE_MFE\task.md","819"
"C:\SP_DOC\sp_lab_v10\output\Chandelier_MAE_MFE\trades.csv","118"
"C:\SP_DOC\sp_lab_v10\output\Chandelier_MAE_MFE\trades_with_maemfe.csv","130"
"C:\SP_DOC\sp_lab_v10\output\experiment_results\chandelier_risk_controlled_test_results.csv","493"
"C:\SP_DOC\sp_lab_v10\output\images\demo_monthly_analysis.png","311252"
"C:\SP_DOC\sp_lab_v10\output\images\demo_strategy_performance.png","1527049"
"C:\SP_DOC\sp_lab_v10\output\images\strategy_performance_analysis.png","988818"
"C:\SP_DOC\sp_lab_v10\output\images\strategy_performance_charts.png","1388107"
"C:\SP_DOC\sp_lab_v10\output\images\taifex_final_strategy.png","443723"
"C:\SP_DOC\sp_lab_v10\output\logs\output_log.txt","1932"
"C:\SP_DOC\sp_lab_v10\output\logs\quick_feedback.log","4787"
"C:\SP_DOC\sp_lab_v10\output\logs\backtest_logs\chandelier_backtest.log","18072"
"C:\SP_DOC\sp_lab_v10\output\logs\backtest_logs\chandelier_test.log","2670"
"C:\SP_DOC\sp_lab_v10\output\logs\backtest_logs\dual_ma_backtest.log","5145"
"C:\SP_DOC\sp_lab_v10\output\logs\backtest_logs\roro_backtest_comparison.log","1340"
"C:\SP_DOC\sp_lab_v10\output\logs\backtest_logs\simple_backtest.log","32900"
"C:\SP_DOC\sp_lab_v10\output\logs\backtest_logs\simple_strategy_comparison.log","7694"
"C:\SP_DOC\sp_lab_v10\output\logs\backtest_logs\test_dual_ma.log","27473"
"C:\SP_DOC\sp_lab_v10\output\logs\prospector_v8\Mission_Report_v8.txt","934"
"C:\SP_DOC\sp_lab_v10\output\results\quick_feedback.db","2109440"
"C:\SP_DOC\sp_lab_v10\output\results\taifex_monthly_buy_hold_metrics.json","567"
"C:\SP_DOC\sp_lab_v10\output\results\taifex_monthly_buy_hold_summary.csv","23178"
"C:\SP_DOC\sp_lab_v10\output\summaries\demo_summary.txt","126"
"C:\SP_DOC\sp_lab_v10\plan\ai_trading_01_setup.ipynb","14720"
"C:\SP_DOC\sp_lab_v10\plan\AI_Trading_Implementation_Plan.md","13601"
"C:\SP_DOC\sp_lab_v10\plan\Colab_MVP_Implementation.md","45007"
"C:\SP_DOC\sp_lab_v10\plan\Reference_Formats.md","1133"
"C:\SP_DOC\sp_lab_v10\plan\??????????????????????????????????????????????????.md","29222"
"C:\SP_DOC\sp_lab_v10\plan\??????????????????????????????????1b_4b_8b_270m???.md","28214"
"C:\SP_DOC\sp_lab_v10\plan\?????????????????????????????????????JOSN?????????.md","31603"
"C:\SP_DOC\sp_lab_v10\plan\??0625??????API??_20250625.txt","50492"
"C:\SP_DOC\sp_lab_v10\records\chandelier_backtest.db","12288"
"C:\SP_DOC\sp_lab_v10\records\dual_ma_backtest.db","798720"
"C:\SP_DOC\sp_lab_v10\research\README.md","5577"
"C:\SP_DOC\sp_lab_v10\research\??0625??????API??_20250625.txt","50492"
"C:\SP_DOC\sp_lab_v10\research\converted_texts_archive\2-2????????????.txt","21892"
"C:\SP_DOC\sp_lab_v10\research\converted_texts_archive\3-1TWD_USD ????????.txt","43587"
"C:\SP_DOC\sp_lab_v10\research\converted_texts_archive\4?6????????????????.txt","11271"
"C:\SP_DOC\sp_lab_v10\research\converted_texts_archive\4??????????.txt","80930"
"C:\SP_DOC\sp_lab_v10\research\converted_texts_archive\9????-?????.txt","8987"
"C:\SP_DOC\sp_lab_v10\research\converted_texts_archive\AI ???????????????? v6.5.txt","25835"
"C:\SP_DOC\sp_lab_v10\research\converted_texts_archive\docx_conversion_report.csv","9137"
"C:\SP_DOC\sp_lab_v10\research\converted_texts_archive\Finlab ??pro.txt","57940"
"C:\SP_DOC\sp_lab_v10\research\converted_texts_archive\PTT ??? Comemail ???????????.txt","21070"
"C:\SP_DOC\sp_lab_v10\research\converted_texts_archive\V1????????? - ?????? (2025-05-06) - Cell 1 ????.txt","25367"
"C:\SP_DOC\sp_lab_v10\research\converted_texts_archive\Vincent?????????????.txt","75163"
"C:\SP_DOC\sp_lab_v10\research\converted_texts_archive\??????.txt","50255"
"C:\SP_DOC\sp_lab_v10\research\converted_texts_archive\??_??.txt","175135"
"C:\SP_DOC\sp_lab_v10\research\converted_texts_archive\??_??_??-?.txt","226965"
"C:\SP_DOC\sp_lab_v10\research\converted_texts_archive\????????????.txt","50572"
"C:\SP_DOC\sp_lab_v10\research\converted_texts_archive\??????.txt","12372"
"C:\SP_DOC\sp_lab_v10\research\converted_texts_archive\????????????_.txt","79534"
"C:\SP_DOC\sp_lab_v10\research\converted_texts_archive\???????????.txt","39024"
"C:\SP_DOC\sp_lab_v10\research\converted_texts_archive\???????.txt","14849"
"C:\SP_DOC\sp_lab_v10\research\converted_texts_archive\??????????_.txt","54617"
"C:\SP_DOC\sp_lab_v10\research\converted_texts_archive\??????????_.txt","78896"
"C:\SP_DOC\sp_lab_v10\research\converted_texts_archive\????????Naked Short Put??????????.txt","2843"
"C:\SP_DOC\sp_lab_v10\research\converted_texts_archive\????????????_.txt","38257"
"C:\SP_DOC\sp_lab_v10\research\converted_texts_archive\???????????.txt","88220"
"C:\SP_DOC\sp_lab_v10\research\converted_texts_archive\????????_.txt","17348"
"C:\SP_DOC\sp_lab_v10\research\converted_texts_archive\??????????_.txt","35788"
"C:\SP_DOC\sp_lab_v10\research\converted_texts_archive\???Max Pain??????.txt","96577"
"C:\SP_DOC\sp_lab_v10\research\converted_texts_archive\??????????.txt","107205"
"C:\SP_DOC\sp_lab_v10\research\converted_texts_archive\??????????.txt","40390"
"C:\SP_DOC\sp_lab_v10\research\converted_texts_archive\??.txt","59966"
"C:\SP_DOC\sp_lab_v10\research\converted_texts_archive\???a????????? 20240605.txt","27437"
"C:\SP_DOC\sp_lab_v10\research\converted_texts_archive\??????.txt","7866"
"C:\SP_DOC\sp_lab_v10\research\converted_texts_archive\??????.txt","154050"
"C:\SP_DOC\sp_lab_v10\research\converted_texts_archive\??????? -?.txt","145991"
"C:\SP_DOC\sp_lab_v10\research\converted_texts_archive\?????????????????? (????).txt","45146"
"C:\SP_DOC\sp_lab_v10\research\converted_texts_archive\???????????_.txt","62632"
"C:\SP_DOC\sp_lab_v10\research\converted_texts_archive\??????????.txt","74212"
"C:\SP_DOC\sp_lab_v10\research\converted_texts_archive\????????????_(1).txt","55289"
"C:\SP_DOC\sp_lab_v10\research\converted_texts_archive\????????????_.txt","55289"
"C:\SP_DOC\sp_lab_v10\research\converted_texts_archive\?????????? - ???????? v1.5 (???).txt","26548"
"C:\SP_DOC\sp_lab_v10\research\converted_texts_archive\????????????.txt","69407"
"C:\SP_DOC\sp_lab_v10\research\converted_texts_archive\???????????.txt","71229"
"C:\SP_DOC\sp_lab_v10\research\converted_texts_archive\?????- VIX???VXM?.txt","3681"
"C:\SP_DOC\sp_lab_v10\research\converted_texts_archive\???????????.txt","43818"
"C:\SP_DOC\sp_lab_v10\research\converted_texts_archive\????????.txt","68628"
"C:\SP_DOC\sp_lab_v10\research\converted_texts_archive\??????????.txt","105683"
"C:\SP_DOC\sp_lab_v10\research\converted_texts_archive\??????????.txt","95387"
"C:\SP_DOC\sp_lab_v10\research\converted_texts_archive\????????????_.txt","75052"
"C:\SP_DOC\sp_lab_v10\research\converted_texts_archive\??????????_.txt","41389"
"C:\SP_DOC\sp_lab_v10\research\converted_texts_archive\???????gex?????.txt","76181"
"C:\SP_DOC\sp_lab_v10\research\converted_texts_archive\??????????_.txt","94375"
"C:\SP_DOC\sp_lab_v10\research\converted_texts_archive\???????????.txt","6494"
"C:\SP_DOC\sp_lab_v10\research\converted_texts_archive\????????.txt","7285"
"C:\SP_DOC\sp_lab_v10\research\converted_texts_archive\??????????_.txt","51812"
"C:\SP_DOC\sp_lab_v10\research\converted_texts_archive\???????????????.txt","19220"
"C:\SP_DOC\sp_lab_v10\research\converted_texts_archive\???????????????????.txt","4568"
"C:\SP_DOC\sp_lab_v10\research\converted_texts_archive\????????? Options Trading Strategy & Operations Manual.txt","22928"
"C:\SP_DOC\sp_lab_v10\research\converted_texts_archive\?????????.txt","22777"
"C:\SP_DOC\sp_lab_v10\research\converted_texts_archive\??????????-??.txt","22432"
"C:\SP_DOC\sp_lab_v10\research\converted_texts_archive\??????????.txt","22619"
"C:\SP_DOC\sp_lab_v10\research\converted_texts_archive\?????.txt","6050"
"C:\SP_DOC\sp_lab_v10\research\converted_texts_archive\????.txt","11851"
"C:\SP_DOC\sp_lab_v10\research\converted_texts_archive\???TWD ????????.txt","40941"
"C:\SP_DOC\sp_lab_v10\research\converted_texts_archive\???TWD_USD ??????.txt","30632"
"C:\SP_DOC\sp_lab_v10\research\converted_texts_archive\??????-???.txt","422338"
"C:\SP_DOC\sp_lab_v10\research\converted_texts_archive\??????? AI ???????????????? v3.1.txt","23334"
"C:\SP_DOC\sp_lab_v10\research\converted_texts_archive\????0708?????????????.txt","51804"
"C:\SP_DOC\sp_lab_v10\research\converted_texts_archive\????????_.txt","7873"
"C:\SP_DOC\sp_lab_v10\research\data_sources\Finlab.txt","85118"
"C:\SP_DOC\sp_lab_v10\scripts\analyze_market_leading_indicators.py","18887"
"C:\SP_DOC\sp_lab_v10\scripts\backtest_capital_protection_zone.py","18810"
"C:\SP_DOC\sp_lab_v10\scripts\build_finmind_db.py","2147"
"C:\SP_DOC\sp_lab_v10\scripts\build_taifex_db.py","6403"
"C:\SP_DOC\sp_lab_v10\scripts\build_taifex_official_db.py","21730"
"C:\SP_DOC\sp_lab_v10\scripts\build_taifex_options_db.py","16387"
"C:\SP_DOC\sp_lab_v10\scripts\build_taifex_recent_db.py","22317"
"C:\SP_DOC\sp_lab_v10\scripts\build_yfinance_db.py","4101"
"C:\SP_DOC\sp_lab_v10\scripts\check_backtest_results.py","2063"
"C:\SP_DOC\sp_lab_v10\scripts\check_capital_protection_data.py","4886"
"C:\SP_DOC\sp_lab_v10\scripts\check_data_quality.py","4341"
"C:\SP_DOC\sp_lab_v10\scripts\check_db.py","1193"
"C:\SP_DOC\sp_lab_v10\scripts\check_delta_page.py","6687"
"C:\SP_DOC\sp_lab_v10\scripts\check_finmind_db.py","1366"
"C:\SP_DOC\sp_lab_v10\scripts\check_import.py","417"
"C:\SP_DOC\sp_lab_v10\scripts\check_options_db.py","1327"
"C:\SP_DOC\sp_lab_v10\scripts\check_system_resources.py","1709"
"C:\SP_DOC\sp_lab_v10\scripts\comprehensive_strategy_comparison.py","19581"
"C:\SP_DOC\sp_lab_v10\scripts\convert_encoding.py","1550"
"C:\SP_DOC\sp_lab_v10\scripts\copy_log.py","561"
"C:\SP_DOC\sp_lab_v10\scripts\docx_to_txt_converter.py","4704"
"C:\SP_DOC\sp_lab_v10\scripts\download_taifex_options.py","5886"
"C:\SP_DOC\sp_lab_v10\scripts\fetch_real_market_data.py","9880"
"C:\SP_DOC\sp_lab_v10\scripts\final_check.py","2795"
"C:\SP_DOC\sp_lab_v10\scripts\manage_options_db.py","2411"
"C:\SP_DOC\sp_lab_v10\scripts\organize_research_files.ps1","5433"
"C:\SP_DOC\sp_lab_v10\scripts\organize_research_files.py","6401"
"C:\SP_DOC\sp_lab_v10\scripts\read_log.py","165"
"C:\SP_DOC\sp_lab_v10\scripts\read_log_lines.py","300"
"C:\SP_DOC\sp_lab_v10\scripts\read_v2_log.py","171"
"C:\SP_DOC\sp_lab_v10\scripts\roro_backtest_comparison.py","29481"
"C:\SP_DOC\sp_lab_v10\scripts\run_chandelier_backtest.py","4220"
"C:\SP_DOC\sp_lab_v10\scripts\run_dual_ma_backtest.py","5555"
"C:\SP_DOC\sp_lab_v10\scripts\run_poc.py","3871"
"C:\SP_DOC\sp_lab_v10\scripts\run_quick_feedback.py","6338"
"C:\SP_DOC\sp_lab_v10\scripts\simple_chandelier_backtest.py","6041"
"C:\SP_DOC\sp_lab_v10\scripts\simple_strategy_comparison.py","17610"
"C:\SP_DOC\sp_lab_v10\scripts\taifex_daily_downloader.py","11841"
"C:\SP_DOC\sp_lab_v10\scripts\taifex_official_downloader.py","28663"
"C:\SP_DOC\sp_lab_v10\scripts\taifex_official_update.py","1154"
"C:\SP_DOC\sp_lab_v10\scripts\unzip_data.py","1491"
"C:\SP_DOC\sp_lab_v10\scripts\validate_strategy_real_data.py","16461"
"C:\SP_DOC\sp_lab_v10\scripts\verify_poc.py","1189"
"C:\SP_DOC\sp_lab_v10\scripts\verify_taifex_db.py","2061"
"C:\SP_DOC\sp_lab_v10\scripts\verify_v2.py","1187"
"C:\SP_DOC\sp_lab_v10\scripts\view_results.py","4532"
"C:\SP_DOC\sp_lab_v10\scripts\maintenance\analyze_cleanup.py","2033"
"C:\SP_DOC\sp_lab_v10\scripts\maintenance\analyze_organization.py","1268"
"C:\SP_DOC\sp_lab_v10\scripts\maintenance\analyze_organization_v2.py","1124"
"C:\SP_DOC\sp_lab_v10\scripts\maintenance\analyze_organization_v3.py","1279"
"C:\SP_DOC\sp_lab_v10\scripts\maintenance\inspect_db.py","1528"
"C:\SP_DOC\sp_lab_v10\scripts\maintenance\organize_project.py","5318"
"C:\SP_DOC\sp_lab_v10\scripts\__pycache__\build_taifex_options_db.cpython-311.pyc","16947"
"C:\SP_DOC\sp_lab_v10\scripts\__pycache__\download_taifex_options.cpython-311.pyc","6841"
"C:\SP_DOC\sp_lab_v10\scripts\__pycache__\run_quick_feedback.cpython-311.pyc","10748"
"C:\SP_DOC\sp_lab_v10\src\config_manager.py","1104"
"C:\SP_DOC\sp_lab_v10\src\debug_strategy.py","2719"
"C:\SP_DOC\sp_lab_v10\src\integrated_strategy.py","27650"
"C:\SP_DOC\sp_lab_v10\src\market_indicators.py","13616"
"C:\SP_DOC\sp_lab_v10\src\ny_fed_integration.py","18697"
"C:\SP_DOC\sp_lab_v10\src\pressure_index.py","18322"
"C:\SP_DOC\sp_lab_v10\src\roro_engine.py","19701"
"C:\SP_DOC\sp_lab_v10\src\roro_signal_generator.py","31354"
"C:\SP_DOC\sp_lab_v10\src\signal_validator.py","28902"
"C:\SP_DOC\sp_lab_v10\src\taifex_data_integration.py","19081"
"C:\SP_DOC\sp_lab_v10\src\test_integrated_strategy.py","15342"
"C:\SP_DOC\sp_lab_v10\src\trading_system.db","28672"
"C:\SP_DOC\sp_lab_v10\src\__init__.py","733"
"C:\SP_DOC\sp_lab_v10\src\__pycache__\config_manager.cpython-311.pyc","2331"
"C:\SP_DOC\sp_lab_v10\src\__pycache__\data_loader.cpython-311.pyc","10125"
"C:\SP_DOC\sp_lab_v10\src\__pycache__\integrated_strategy.cpython-311.pyc","31012"
"C:\SP_DOC\sp_lab_v10\src\__pycache__\market_indicators.cpython-311.pyc","18148"
"C:\SP_DOC\sp_lab_v10\src\__pycache__\ny_fed_integration.cpython-311.pyc","24430"
"C:\SP_DOC\sp_lab_v10\src\__pycache__\pressure_index.cpython-311.pyc","24804"
"C:\SP_DOC\sp_lab_v10\src\__pycache__\roro_engine.cpython-311.pyc","23842"
"C:\SP_DOC\sp_lab_v10\src\__pycache__\roro_signal_generator.cpython-311.pyc","39975"
"C:\SP_DOC\sp_lab_v10\src\__pycache__\signal_validator.cpython-311.pyc","36932"
"C:\SP_DOC\sp_lab_v10\src\__pycache__\__init__.cpython-311.pyc","935"
"C:\SP_DOC\sp_lab_v10\strategies\contrarian_strategy_design.py","9322"
"C:\SP_DOC\sp_lab_v10\strategies\contrarian_strategy_simple.py","8587"
"C:\SP_DOC\sp_lab_v10\strategies\final_strategy_recommendation.py","5887"
"C:\SP_DOC\sp_lab_v10\strategies\finlab_enhanced_strategy.py","10315"
"C:\SP_DOC\sp_lab_v10\strategies\finlab_lazy_strategy.py","4367"
"C:\SP_DOC\sp_lab_v10\strategies\finlab_optimized_strategy.py","2570"
"C:\SP_DOC\sp_lab_v10\strategies\finlab_optimized_strategy_v2.py","2340"
"C:\SP_DOC\sp_lab_v10\strategies\finlab_simple_check.py","1820"
"C:\SP_DOC\sp_lab_v10\strategies\finlab_strategy_enhancement.py","4956"
"C:\SP_DOC\sp_lab_v10\strategies\monthly_strategy_execution.py","13823"
"C:\SP_DOC\sp_lab_v10\strategies\QUANT_STRATEGY_DEVELOPMENT_PLAN.md","4955"
"C:\SP_DOC\sp_lab_v10\strategies\roro_strategy_optimized.py","22938"
"C:\SP_DOC\sp_lab_v10\strategies\search_finlab.py","1784"
"C:\SP_DOC\sp_lab_v10\strategies\search_trading_strategies.py","5401"
"C:\SP_DOC\sp_lab_v10\strategies\simple_monthly_trades.py","6200"
"C:\SP_DOC\sp_lab_v10\strategies\strategy_comparison_analysis.py","13837"
"C:\SP_DOC\sp_lab_v10\strategies\taifex_final_strategy.py","5447"
"C:\SP_DOC\sp_lab_v10\strategies\taifex_options_realistic.py","9330"
"C:\SP_DOC\sp_lab_v10\strategies\taifex_options_strategy.py","11475"
"C:\SP_DOC\sp_lab_v10\tests\README.md","1002"
"C:\SP_DOC\sp_lab_v10\tests\simple_test.py","1211"
"C:\SP_DOC\sp_lab_v10\tests\test_api.py","970"
"C:\SP_DOC\sp_lab_v10\tests\test_chandelier_signals.py","7950"
"C:\SP_DOC\sp_lab_v10\tests\test_data_loader.py","999"
"C:\SP_DOC\sp_lab_v10\tests\test_dual_ma_strategy.py","6898"
"C:\SP_DOC\sp_lab_v10\tests\test_duckdb_loader.py","2679"
"C:\SP_DOC\sp_lab_v10\tests\test_finlab.py","1378"
"C:\SP_DOC\sp_lab_v10\tests\test_finmind.py","2969"
"C:\SP_DOC\sp_lab_v10\tests\test_fred_api.py","8080"
"C:\SP_DOC\sp_lab_v10\tests\test_ny_fed_integration.py","1935"
"C:\SP_DOC\sp_lab_v10\tools\demo_strategy_charts.py","9009"
"C:\SP_DOC\sp_lab_v10\tools\simple_strategy_charts.py","9476"
"C:\SP_DOC\sp_lab_v10\tools\strategy_charts_simulation.py","9800"
"C:\SP_DOC\sp_lab_v10\tools\strategy_visualization.py","12109"
"C:\SP_DOC\sp_lab_v10\tools\third_party\requirements.txt","289"
"C:\SP_DOC\sp_lab_v10\utils\convert_encoding.py","981"
"C:\SP_DOC\sp_lab_v10\utils\create_log.py","2755"
"C:\SP_DOC\sp_lab_v10\utils\README.md","787"
"C:\SP_DOC\sp_lab_v10\utils\test_data.py","893"
