month,entry_date,entry_price,exit_date,exit_price,monthly_return_pct,holding_days,equity_curve,cumulative_return_pct,drawdown_pct
2010-01,2010-01-04,8166.0,2010-01-29,7580.0,-0.05938729999999996,26,0.999406127,-0.05938730000000225,0.0
2010-02,2010-02-01,7513.0,2010-02-26,7383.0,-0.01374479999999994,26,0.999268760626656,-0.07312393733439615,-0.013744800000003998
2010-03,2010-03-01,7575.0,2010-03-31,7906.0,0.0323259500000001,31,0.9995917837465819,-0.04082162534181366,0.0
2010-04,2010-04-01,8025.0,2010-04-30,7989.0,-0.0044006999999999605,30,0.9995477947109546,-0.045220528904543755,-0.004400699999995705
2010-05,2010-05-03,7931.0,2010-05-31,7325.0,-0.06136279999999988,29,0.9989344441967817,-0.1065555803218321,-0.06576079960725068
2010-06,2010-06-01,7244.0,2010-06-30,7153.0,-0.009819849999999861,30,0.9988363503327632,-0.11636496672368102,-0.07557419199537563
2010-07,2010-07-01,7101.0,2010-07-30,7682.0,0.05736085000000012,30,0.9994092913534232,-0.0590708646576843,-0.018256691994278373
2010-08,2010-08-02,7870.0,2010-08-31,7557.0,-0.032071349999999894,30,0.9990887673016607,-0.09112326983392594,-0.050322186826678994
2010-09,2010-09-01,7630.0,2010-09-30,8219.0,0.05810755000000017,30,0.9996693133066649,-0.0330686693335136,0.0
2010-10,2010-10-01,8238.0,2010-10-29,8302.0,0.005573000000000139,29,0.9997250248774954,-0.02749751225046282,0.0
2010-11,2010-11-01,8393.0,2010-11-30,8401.0,-3.9699999999902506e-05,30,0.9997246279866605,-0.027537201333949213,-3.9699999998532576e-05
2010-12,2010-12-01,8550.0,2010-12-31,8988.0,0.04292310000000016,31,1.000153740788456,0.01537407884559805,0.0
2011-01,2011-01-03,9020.0,2011-01-28,9138.0,0.010892100000000028,26,1.0002626785340565,0.02626785340564819,0.0
2011-02,2011-02-08,9099.0,2011-02-25,8615.0,-0.049285699999999814,18,0.9997696920711022,-0.023030792889777718,-0.04928570000000132
2011-03,2011-03-01,8691.0,2011-03-31,8642.0,-0.005766649999999936,31,0.9997120388521543,-0.02879611478456834,-0.05504950786618945
2011-04,2011-04-01,8686.0,2011-04-29,9027.0,0.03321435000000019,29,1.000044086707731,0.004408670773092815,-0.021853442202390827
2011-05,2011-05-03,8926.0,2011-05-31,9021.0,0.008602649999999995,29,1.000130117000356,0.013011700035603369,-0.01325267217754389
2011-06,2011-06-01,9092.0,2011-06-30,8503.0,-0.059779750000000055,30,0.9995322417167385,-0.046775828326151014,-0.07302449976325232
2011-07,2011-07-01,8566.0,2011-07-29,8613.0,0.0038410500000001777,29,0.9995706342499089,-0.04293657500911152,-0.06918625467080552
2011-08,2011-08-01,8681.0,2011-08-31,7707.0,-0.09821939999999996,31,0.9985888619703724,-0.14111380296275566,-0.16733770034658146
2011-09,2011-09-01,7700.0,2011-09-30,7182.0,-0.052544099999999885,30,0.99806416244015,-0.1935837559850051,-0.21979387425796748
2011-10,2011-10-03,7015.0,2011-10-31,7561.0,0.05387120000000004,29,0.9986018315812264,-0.13981684187736043,-0.16604107985556116
2011-11,2011-11-01,7637.0,2011-11-30,6903.0,-0.07412699999999986,30,0.9978615980015302,-0.21384019984698188,-0.24004499858429895
2011-12,2011-12-01,7210.0,2011-12-30,7040.0,-0.01771249999999991,30,0.9976848517659842,-0.23151482340157958,-0.2577149806139212
2012-01,2012-01-02,6949.0,2012-01-31,7467.0,0.05107920000000012,30,0.9981944612067875,-0.18055387932125466,-0.20676741936429544
2012-02,2012-02-01,7522.0,2012-02-29,8114.0,0.058418200000000066,29,0.9987775884435243,-0.12224115564757332,-0.1484700091688662
2012-03,2012-03-01,8138.0,2012-03-30,7883.0,-0.02630104999999994,30,0.9985148994505989,-0.14851005494010971,-0.1747320099975136
2012-04,2012-04-02,7866.0,2012-04-30,7464.0,-0.040966499999999996,29,0.9981058428443155,-0.18941571556845282,-0.21562692840864095
2012-05,2012-05-02,7678.0,2012-05-31,7216.0,-0.04694469999999992,30,0.9976372850507098,-0.236271494929019,-0.26247040299397506
2012-06,2012-06-01,7100.0,2012-06-29,7114.0,0.0006893000000000938,29,0.9976441617645155,-0.23558382354844642,-0.2617829122024795
2012-07,2012-07-02,7135.0,2012-07-31,7156.0,0.001385450000000128,30,0.9976579836255546,-0.23420163744454214,-0.2604010890738473
2012-08,2012-08-01,7194.0,2012-08-31,7383.0,0.018171150000000035,31,0.9978392695542462,-0.21607304457538223,-0.24227725694634383
2012-09,2012-09-03,7443.0,2012-09-28,7720.0,0.026941850000000066,26,0.9981081059134906,-0.18918940865093603,-0.2154006809214848
2012-10,2012-10-01,7685.0,2012-10-31,7140.0,-0.05524124999999995,31,0.9975567385194326,-0.24432614805673936,-0.2705229408928478
2012-11,2012-11-01,7172.0,2012-11-30,7593.0,0.04136175000000012,30,0.9979693454437272,-0.20306545562728262,-0.22927308391534895
2012-12,2012-12-03,7599.0,2012-12-28,7675.0,0.006836300000000119,26,0.9980375696220898,-0.1962430377910218,-0.22245245771118638
2013-01,2013-01-02,7772.0,2013-01-31,7848.0,0.006819000000000051,30,0.9981056258039622,-0.18943741960377736,-0.21564862674428031
2013-02,2013-02-01,7858.0,2013-02-27,7879.0,0.0013131500000001324,27,0.9981187324279875,-0.18812675720124572,-0.2143383085342121
2013-03,2013-03-01,7936.0,2013-03-29,7923.0,-0.0020929499999999277,29,0.9980978423019772,-0.19021576980228216,-0.21642677254058995
2013-04,2013-04-01,7920.0,2013-04-30,8098.0,0.01699910000000009,30,0.9982675099522879,-0.1732490047712143,-0.1994644631440834
2013-05,2013-05-02,8120.0,2013-05-31,8242.0,0.011381900000000132,30,0.9983811317620032,-0.161886823799684,-0.18810526598981303
2013-06,2013-06-03,8193.0,2013-06-28,7828.0,-0.03730104999999994,26,0.998008725116854,-0.1991274883145988,-0.22533615075049918
2013-07,2013-07-01,7903.0,2013-07-31,8049.0,0.013802400000000124,31,0.9981464742731295,-0.18535257268704752,-0.21156485254737456
2013-08,2013-08-01,8045.0,2013-08-30,7969.0,-0.00840069999999987,30,0.9980626229822652,-0.1937377017734776,-0.21994777961881207
2013-09,2013-09-02,8018.0,2013-09-30,8120.0,0.00939310000000014,29,0.9981563720025046,-0.18436279974953784,-0.21057533953369179
2013-10,2013-10-01,8150.0,2013-10-31,8427.0,0.02687115000000003,31,0.9984245880984599,-0.15754119015400914,-0.18376077354904652
2013-11,2013-11-01,8393.0,2013-11-29,8427.0,0.002559000000000015,29,0.9984501377836693,-0.15498622163306885,-0.18120647598723894
2013-12,2013-12-02,8413.0,2013-12-31,8633.0,0.021147700000000078,30,0.9986612870234572,-0.13387129765427552,-0.16009709698917574
2014-01,2014-01-02,8618.0,2014-01-27,8446.0,-0.018053199999999926,26,0.9984809967039883,-0.1519003296011734,-0.17812139434006946
2014-02,2014-02-05,8243.0,2014-02-27,8624.0,0.037256650000000086,23,0.9988529972742468,-0.11470027257531878,-0.14093110640452933
2014-03,2014-03-03,8566.0,2014-03-31,8789.0,0.02143225000000002,29,0.9990670739457551,-0.0932926054244887,-0.11952906111158956
2014-04,2014-04-01,8829.0,2014-04-30,8758.0,-0.007979349999999795,30,0.9989873548871903,-0.10126451128097402,-0.12749887346944488
2014-05,2014-05-02,8841.0,2014-05-30,9091.0,0.024103399999999966,29,0.9992281448052882,-0.07718551947117902,-0.10342620503290822
2014-06,2014-06-03,9104.0,2014-06-30,9290.0,0.017680300000000173,28,0.9994048113389742,-0.05951886610258139,-0.08576419109623812
2014-07,2014-07-01,9384.0,2014-07-31,9290.0,-0.01033369999999977,31,0.9993015358439848,-0.0698464156015155,-0.09608902848202705
2014-08,2014-08-01,9253.0,2014-08-29,9473.0,0.021063700000000064,29,0.9995120257215904,-0.04879742784096308,-0.07504556838672238
2014-09,2014-09-01,9528.0,2014-09-30,8991.0,-0.05462594999999983,30,0.9989660327821758,-0.10339672178242276,-0.12963052403205388
2014-10,2014-10-01,8980.0,2014-10-31,8978.0,-0.001097899999999936,31,0.9989550651341018,-0.10449348658981839,-0.13072700081853128
2014-11,2014-11-03,8982.0,2014-11-28,9181.0,0.018991849999999977,26,0.9991447851816395,-0.08552148183604835,-0.11175997829443451
2014-12,2014-12-01,9119.0,2014-12-31,9283.0,0.01547990000000009,31,0.9992994517952408,-0.07005482047591771,-0.09629737862731913
2015-01,2015-01-05,9252.0,2015-01-30,9400.0,0.013867400000000087,26,0.999438028647419,-0.05619713525809589,-0.08244333257000358
2015-02,2015-02-02,9419.0,2015-02-26,9649.0,0.022046600000000218,25,0.9996583707518428,-0.034162924815717144,-0.06041490852175535
2015-03,2015-03-02,9631.0,2015-03-31,9582.0,-0.005860649999999805,30,0.9995997842735374,-0.040021572646264936,-0.06627201781542746
2015-04,2015-04-01,9507.0,2015-04-30,9874.0,0.03573095000000012,30,0.9999569507726562,-0.0043049227343772145,-0.030564747436978568
2015-05,2015-05-04,9886.0,2015-05-29,9703.0,-0.019279449999999816,26,0.9997641645723105,-0.023583542768945698,-0.049838304721772086
2015-06,2015-06-01,9630.0,2015-06-30,9212.0,-0.042742099999999845,30,0.9993368443733248,-0.06631556266751826,-0.09255910278372914
2015-07,2015-07-01,9294.0,2015-07-31,8570.0,-0.07329319999999989,31,0.9986043984213046,-0.1395601578695449,-0.16578446325541396
2015-08,2015-08-03,8452.0,2015-08-31,7969.0,-0.049121049999999826,29,0.9981138734554538,-0.18861265445462294,-0.21482407818633753
2015-09,2015-09-01,7834.0,2015-09-30,8135.0,0.029301550000000134,30,0.9984063362911413,-0.1593663708858717,-0.1855854749710173
2015-10,2015-10-01,8309.0,2015-10-30,8568.0,0.025056150000000162,30,0.9986564984803719,-0.1343501519628143,-0.16057582554600547
2015-11,2015-11-02,8583.0,2015-11-30,8300.0,-0.0291441499999999,29,0.9983654485324699,-0.16345514675301098,-0.18967317708654674
2015-12,2015-12-01,8456.0,2015-12-31,8272.0,-0.01923639999999996,31,0.9981733989613284,-0.18266010386716047,-0.20887309079551386
2016-01,2016-01-04,8075.0,2016-01-30,8163.0,0.007988100000000123,27,0.9982531340506108,-0.17468659493892202,-0.20090167578687979
2016-02,2016-02-01,8124.0,2016-02-26,8391.0,0.02587425000000003,26,0.9985114245621479,-0.148857543785208,-0.17507940758872964
2016-03,2016-03-01,8448.0,2016-03-31,8715.0,0.025841849999999975,31,0.9987694583867162,-0.1230541613283842,-0.14928280134661742
2016-04,2016-04-01,8629.0,2016-04-29,8309.0,-0.032846899999999915,29,0.9984413935814893,-0.15586064185106885,-0.1820806665741359
2016-05,2016-05-03,8259.0,2016-05-31,8515.0,0.024761300000000118,29,0.9986886206502782,-0.13113793497218085,-0.15736445211423922
2016-06,2016-06-01,8563.0,2016-06-30,8518.0,-0.005354049999999915,30,0.9986351503621843,-0.13648496378156905,-0.16271007674277804
2016-07,2016-07-01,8626.0,2016-07-29,8893.0,0.025824049999999987,29,0.9988930384027315,-0.11069615972685298,-0.13692804507434708
2016-08,2016-08-01,9041.0,2016-08-31,8976.0,-0.00740084999999981,31,0.9988191118272989,-0.11808881727011222,-0.14431876123511822
2016-09,2016-09-01,8941.0,2016-09-30,9128.0,0.017796550000000026,30,0.9989968671699448,-0.10031328300551534,-0.12654789499562114
2016-10,2016-10-03,9194.0,2016-10-31,9283.0,0.007976150000000052,29,0.9990765486585658,-0.09234513414342338,-0.11858183864552618
2016-11,2016-11-01,9280.0,2016-11-30,9226.0,-0.006325299999999879,30,0.9990133540696334,-0.09866459303665698,-0.1248996379884959
2016-12,2016-12-01,9261.0,2016-12-30,9262.0,-0.0008261499999998704,30,0.9990051007208088,-0.09948992791911637,-0.12572475613013
2017-01,2017-01-03,9281.0,2017-01-24,9446.0,0.015563650000000054,22,0.9991605823781671,-0.08394176218329275,-0.1101806734911448
2017-02,2017-02-02,9375.0,2017-02-24,9761.0,0.03764320000000007,23,0.9995366983945128,-0.0463301605487243,-0.07257894902243933
2017-03,2017-03-01,9682.0,2017-03-31,9821.0,0.01292484999999997,31,0.9996658870134751,-0.03341129865248593,-0.059663479742733116
2017-04,2017-04-05,9961.0,2017-04-28,9857.0,-0.011390899999999964,24,0.9995520160719513,-0.04479839280486786,-0.07104758353542184
2017-05,2017-05-02,9932.0,2017-05-31,10094.0,0.0151987000000001,30,0.9997039349842181,-0.029606501578194333,-0.055859681844505626
2017-06,2017-06-01,10025.0,2017-06-30,10223.0,0.018787600000000203,30,0.9998917553607072,-0.010824463929282047,-0.037082576538083334
2017-07,2017-07-03,10257.0,2017-07-31,10348.0,0.008069750000000203,29,0.9999724441256355,-0.002755587436453766,-0.029015819009303723
2017-08,2017-08-01,10348.0,2017-08-31,10559.0,0.02005465000000022,31,1.0001729850994012,0.017298509940122386,-0.00896698803025675
2017-09,2017-09-01,10574.0,2017-09-30,10349.0,-0.023546149999999943,30,0.9999374828680703,-0.0062517131929729075,-0.032511026649795216
2017-10,2017-10-02,10449.0,2017-10-31,10744.0,0.028440350000000034,30,1.0002218685879791,0.02218685879791238,-0.004079922899569155
2017-11,2017-11-01,10793.0,2017-11-30,10651.0,-0.015272199999999793,30,1.0000691127037646,0.006911270376463996,-0.01935149980558659
2017-12,2017-12-01,10612.0,2017-12-29,10581.0,-0.004159649999999783,29,1.000027513328918,0.002751332891803848,-0.02351034485091885
2018-01,2018-01-02,10709.0,2018-01-31,11098.0,0.037809650000000146,30,1.0004056202316114,0.040562023161139216,0.0
2018-02,2018-02-01,11160.0,2018-02-27,10791.0,-0.037997549999999866,27,1.000025490605861,0.002549060586098939,-0.037997550000012925
2018-03,2018-03-01,10735.0,2018-03-31,10926.0,0.018016949999999997,31,1.0002056646984907,0.0205664698490704,-0.019987445999591902
2018-04,2018-04-02,10865.0,2018-04-30,10655.0,-0.02207599999999984,29,0.9999848592959518,-0.0015140704048177689,-0.042059033571018034
2018-05,2018-05-02,10609.0,2018-05-31,10867.0,0.024726200000000063,30,1.000232117552231,0.023211755223107033,-0.017343233171773775
2018-06,2018-06-01,10915.0,2018-06-29,10677.0,-0.024879599999999846,29,0.9999832638023125,-0.001673619768749468,-0.04221851824474099
2018-07,2018-07-02,10611.0,2018-07-31,10989.0,0.03672000000000025,30,1.0003504576567805,0.03504576567805451,-0.0055140208846560235
2018-08,2018-08-01,11047.0,2018-08-31,11022.0,-0.0036034499999997934,31,1.000314410528214,0.03144105282140153,-0.009117272189684833
2018-09,2018-09-03,10935.0,2018-09-28,10955.0,0.0009055000000002109,26,1.0003234683752014,0.03234683752013634,-0.00821185474657593
2018-10,2018-10-01,11006.0,2018-10-31,9724.0,-0.1292364999999998,31,0.9990306853359947,-0.09693146640052941,-0.1374377420329087
2018-11,2018-11-01,9787.0,2018-11-30,9853.0,0.005618000000000029,30,0.9990868108798969,-0.0913189120103075,-0.13182746328526118
2018-12,2018-12-03,10122.0,2018-12-28,9671.0,-0.04608964999999989,26,0.9986263352655662,-0.13736647344337882,-0.17785635446881942
2019-01,2019-01-02,9536.0,2019-01-30,9926.0,0.03802690000000002,29,0.9990060819034514,-0.0993918096548585,-0.13989708772687015
2019-02,2019-02-11,9999.0,2019-02-27,10362.0,0.03528195000000014,17,0.9993585507297655,-0.06414492702344621,-0.1046644961474219
2019-03,2019-03-04,10311.0,2019-03-29,10598.0,0.0276545500000002,26,0.9996349188398563,-0.03650811601436654,-0.0770388906428443
2019-04,2019-04-01,10638.0,2019-04-30,10952.0,0.030320500000000177,30,0.9999380131454232,-0.006198685457681208,-0.046741749219680884
2019-05,2019-05-02,10978.0,2019-05-31,10455.0,-0.05337164999999986,30,0.9994043297288303,-0.05956702711696904,-0.10008845237687858
2019-06,2019-06-03,10471.0,2019-06-28,10580.0,0.009847450000000209,26,0.9995027455704983,-0.0497254429501659,-0.09025085853716641
2019-07,2019-07-01,10767.0,2019-07-31,10737.0,-0.004075199999999859,31,0.9994620138346109,-0.05379861653891371,-0.09432238063417087
2019-08,2019-08-01,10644.0,2019-08-30,10576.0,-0.007860999999999877,30,0.9993834461257033,-0.06165538742967103,-0.10217596595183398
2019-09,2019-09-02,10605.0,2019-09-27,10824.0,0.020828549999999994,26,0.9995916032064713,-0.040839679352866476,-0.08136869772399358
2019-10,2019-10-01,10954.0,2019-10-31,11346.0,0.038085000000000216,31,0.9999722976685526,-0.0027702331447443385,-0.04331468699251273
2019-11,2019-11-01,11371.0,2019-11-29,11465.0,0.008258200000000033,29,1.0000548773808386,0.005487738083864713,-0.03506006400598727
2019-12,2019-12-02,11502.0,2019-12-31,11995.0,0.04812515000000003,30,1.0005361552906604,0.05361552906604228,0.0
2020-01,2020-01-02,12102.0,2020-01-31,11468.0,-0.0645784999999998,30,0.999890024049616,-0.010997595038397812,-0.06457850000000098
2020-02,2020-02-03,11325.0,2020-02-27,11273.0,-0.006329899999999725,25,0.9998267320109837,-0.017326798901629026,-0.0709043122455344
2020-03,2020-03-02,11174.0,2020-03-31,9596.0,-0.15883849999999983,30,0.9982386222272585,-0.17613777727415458,-0.22963018889952114
2020-04,2020-04-01,9552.0,2020-04-30,10944.0,0.13817520000000005,30,0.9996179404399981,-0.03820595600019239,-0.09177228087230427
2020-05,2020-05-04,10615.0,2020-05-29,10922.0,0.029623150000000167,26,0.9999140587619214,-0.008594123807859066,-0.06217631671273649
2020-06,2020-06-01,11057.0,2020-06-30,11469.0,0.04007370000000028,30,1.0003147613220875,0.031476132208752006,-0.022127533063365235
2020-07,2020-07-01,11546.0,2020-07-31,12577.0,0.1018938500000002,31,1.0013340205445167,0.13340205445167008,0.0
2020-08,2020-08-03,12443.0,2020-08-31,12591.0,0.013548300000000018,29,1.0014696842816222,0.14696842816221967,0.0
2020-09,2020-09-01,12691.0,2020-09-30,12472.0,-0.023158149999999843,30,1.0012377624299318,0.1237762429931788,-0.023158149999991107
2020-10,2020-10-05,12529.0,2020-10-30,12414.0,-0.012747149999999782,26,1.0011101331504981,0.11101331504981271,-0.03590234799588643
2020-11,2020-11-02,12515.0,2020-11-30,13722.0,0.11938815000000014,29,1.0023053400179291,0.23053400179291472,0.0
2020-12,2020-12-01,13877.0,2020-12-31,14678.0,0.07867225000000017,31,1.0030938761807915,0.30938761807914883,0.0
2021-01,2021-01-04,14874.0,2021-01-29,15075.0,0.018602550000000155,26,1.003280477220655,0.32804772206549426,0.0
2021-02,2021-02-01,15360.0,2021-02-26,15935.0,0.05593525000000027,26,1.0038416646637895,0.3841664663789546,0.0
2021-03,2021-03-02,15907.0,2021-03-31,16422.0,0.0498835500000001,30,1.004342416522503,0.4342416522503001,0.0
2021-04,2021-04-01,16551.0,2021-04-29,17571.0,0.10029390000000021,29,1.0053497107013876,0.5349710701387567,0.0
2021-05,2021-05-03,17253.0,2021-05-31,17013.0,-0.0257132999999998,29,1.0050912021142258,0.5091202114225757,-0.0257133000000076
2021-06,2021-06-01,17130.0,2021-06-30,17715.0,0.05675775000000031,30,1.0056616692659939,0.5661669265993874,0.0
2021-07,2021-07-01,17646.0,2021-07-30,17173.0,-0.04904094999999979,30,1.0051684832296,0.5168483229599952,-0.04904095000000108
2021-08,2021-08-02,17470.0,2021-08-31,17457.0,-0.003046349999999802,30,1.005137862279511,0.5137862279511074,-0.05208580604102453
2021-09,2021-09-01,17476.0,2021-09-30,16917.0,-0.057619649999999814,30,1.0045587053612481,0.4558705361248139,-0.10967544438188481
2021-10,2021-10-01,16517.0,2021-10-29,16945.0,0.04112690000000002,29,1.0049718492154434,0.4971849215443358,-0.06859365049222133
2021-11,2021-11-01,17079.0,2021-11-30,17327.0,0.02307970000000023,30,1.0052037937033267,0.5203793703326687,-0.04552978170097033
2021-12,2021-12-01,17586.0,2021-12-30,18212.0,0.06081010000000024,30,1.0058150591354815,0.5815059135481526,0.0
2022-01,2022-01-03,18273.0,2022-01-26,17625.0,-0.06659490000000005,24,1.0051452376026653,0.5145237602665276,-0.06659490000000545
2022-02,2022-02-07,17899.0,2022-02-25,17606.0,-0.031075249999999867,19,1.0048328862072171,0.4832886207217113,-0.09764945546834047
2022-03,2022-03-01,17911.0,2022-03-31,17639.0,-0.02897749999999978,31,1.0045417107576164,0.4541710757616446,-0.12659865909738777
2022-04,2022-04-01,17554.0,2022-04-29,16583.0,-0.09880684999999975,29,1.0035491547362807,0.3549154736280702,-0.2252804209501913
2022-05,2022-05-03,16470.0,2022-05-31,16682.0,0.019542399999999904,29,1.0037452723262958,0.37452723262958454,-0.20578204615118167
2022-06,2022-06-01,16610.0,2022-06-30,14622.0,-0.20036160000000003,30,1.0017341522387386,0.17341522387386288,-0.4057313379509875
2022-07,2022-07-01,14175.0,2022-07-29,14938.0,0.07484435000000013,29,1.0024838936537097,0.24838936537097123,-0.3311906549336219
2022-08,2022-08-01,14870.0,2022-08-31,15039.0,0.015404550000000199,31,1.0026383217863495,0.26383217863494846,-0.3158371233636603
2022-09,2022-09-01,14736.0,2022-09-30,13395.0,-0.1355065499999997,30,1.0012796811875189,0.12796811875188663,-0.4509156933741765
2022-10,2022-10-03,13304.0,2022-10-31,12943.0,-0.03741234999999997,29,1.0009050789287142,0.09050789287141647,-0.4881593452167654
2022-11,2022-11-01,13031.0,2022-11-30,14800.0,0.1755084500000001,30,1.0026617519187133,0.26617519187133176,-0.31350765611707354
2022-12,2022-12-01,14977.0,2022-12-30,14134.0,-0.08575554999999986,30,1.0018019138187158,0.18019138187157502,-0.3989943559022824
2023-01,2023-01-03,14230.0,2023-01-31,15268.0,0.10232510000000002,29,1.0028270086288325,0.28270086288324503,-0.2970775272759796
2023-02,2023-02-01,15383.0,2023-02-24,15542.0,0.014353750000000219,24,1.0029709519105836,0.2970951910583608,-0.28276641904153577
2023-03,2023-03-01,15544.0,2023-03-31,15864.0,0.03042960000000021,31,1.003276151959366,0.3276151959366036,-0.2524228637318049
2023-04,2023-04-06,15760.0,2023-04-28,15573.0,-0.020266649999999754,23,1.003072821493115,0.3072821493115052,-0.27263835607348463
2023-05,2023-05-02,15636.0,2023-05-31,16489.0,0.08369375,30,1.0039123307526534,0.39123307526534035,-0.18917278733762144
2023-06,2023-06-01,16470.0,2023-06-30,16788.0,0.030137099999999917,30,1.0042148808156846,0.4214880815684552,-0.15909269852972807
2023-07,2023-07-03,17035.0,2023-07-31,17100.0,0.004793250000000262,29,1.0042630153454593,0.42630153454592534,-0.1543070742405006
2023-08,2023-08-01,17182.0,2023-08-31,16628.0,-0.057090499999999884,31,1.0036896765686834,0.3689676568683353,-0.21130947956028434
2023-09,2023-09-01,16651.0,2023-09-28,16368.0,-0.02995094999999983,28,1.003389061975499,0.33890619754990414,-0.24119714036372475
2023-10,2023-10-02,16557.0,2023-10-31,15994.0,-0.057927549999999974,30,1.0028078232749287,0.2807823274928678,-0.2989849707696446
2023-11,2023-11-01,16048.0,2023-11-30,17393.0,0.13282795000000025,30,1.0041398323490245,0.4139832349024486,-0.1665541563771078
2023-12,2023-12-01,17421.0,2023-12-29,17868.0,0.042935550000000516,29,1.0045709653088124,0.45709653088124025,-0.12369011732021873
2024-01,2024-01-02,17798.0,2024-01-31,17920.0,0.010414100000000325,30,1.0046755823337106,0.46755823337105706,-0.11328889853273738
2024-02,2024-02-01,17986.0,2024-02-29,18966.0,0.09615240000000012,29,1.0056416020183385,0.5641602018338521,-0.01724542852760136
2024-03,2024-03-01,18961.0,2024-03-29,20280.0,0.12993795000000027,29,1.0069483121003484,0.6948312100348408,0.0
2024-04,2024-04-01,20288.0,2024-04-30,20413.0,0.010464949999999954,30,1.0070536887377357,0.7053688737735708,0.0
2024-05,2024-05-02,20291.0,2024-05-31,21285.0,0.09732120000000032,30,1.0080337654722598,0.8033765472259757,0.0
2024-06,2024-06-03,21654.0,2024-06-28,22983.0,0.13066815000000023,26,1.0093509445449778,0.9350944544977757,0.0
2024-07,2024-07-01,22991.0,2024-07-31,22290.0,-0.07236404999999976,31,1.0086205373227919,0.8620537322791888,-0.07236404999998447
2024-08,2024-08-01,22653.0,2024-08-30,22323.0,-0.035248799999999754,30,1.008265010686832,0.8265010686832053,-0.107587342540727
2024-09,2024-09-02,22227.0,2024-09-30,22326.0,0.007672350000000005,29,1.0083423683073796,0.8342368307379555,-0.09992324701819655
2024-10,2024-10-01,22391.0,2024-10-30,22904.0,0.049035250000000453,30,1.0088368115085349,0.8836811508534881,-0.05093699463218915
2024-11,2024-11-01,22753.0,2024-11-29,22313.0,-0.04625329999999958,29,1.0083701911915974,0.8370191191597431,-0.09716673459125857
2024-12,2024-12-02,22827.0,2024-12-31,23041.0,0.019106600000000255,30,1.0085628564505476,0.8562856450547551,-0.07807869985057003
